id,name,code,pinyin
0,北京北,VAP,beijingbei
1,北京东,BOP,beijingdong
2,北京,BJP,beijing
3,北京南,VNP,beijingnan
4,北京西,BXP,beijingxi
5,广州南,IZQ,guangzhounan
6,重庆北,CUW,chongqingbei
7,重庆,CQW,chongqing
8,重庆南,CRW,chongqingnan
9,重庆西,CXW,chongqingxi
10,广州东,GGQ,guangzhoudong
11,上海,SHH,shanghai
12,上海南,SNH,shanghainan
13,上海虹桥,AOH,shanghaihongqiao
14,上海西,SXH,shanghaixi
15,天津北,TBP,tianjinbei
16,天津,TJP,tianjin
17,天津南,TIP,tianjinnan
18,天津西,TXP,tianjinxi
19,长春,CCT,changchun
20,长春南,CET,changchunnan
21,长春西,CRT,changchunxi
22,成都东,ICW,chengdudong
23,成都南,CNW,chengdunan
24,成都,CDW,chengdu
25,长沙,CSQ,changsha
26,长沙南,CWQ,changshanan
27,大明湖,JAK,daminghu
28,福州,FZS,fuzhou
29,福州南,FYS,fuzhounan
30,贵阳,GIW,guiyang
31,广州,GZQ,guangzhou
32,广州西,GXQ,guangzhouxi
33,哈尔滨,HBB,haerbin
34,哈尔滨东,VBB,haerbindong
35,哈尔滨西,VAB,haerbinxi
36,合肥,HFH,hefei
37,合肥西,HTH,hefeixi
38,呼和浩特东,NDC,huhehaotedong
39,呼和浩特,HHC,huhehaote
40,海  口东,KEQ,haikoudong
41,海口东,HMQ,haikoudong
42,海口,VUQ,haikou
43,杭州东,HGH,hangzhoudong
44,杭州,HZH,hangzhou
45,杭州南,XHH,hangzhounan
46,济南,JNK,jinan
47,济南西,JGK,jinanxi
48,昆明,KMM,kunming
49,昆明西,KXM,kunmingxi
50,拉萨,LSO,lasa
51,兰州东,LVJ,lanzhoudong
52,兰州,LZJ,lanzhou
53,兰州西,LAJ,lanzhouxi
54,南昌,NCG,nanchang
55,南京,NJH,nanjing
56,南京南,NKH,nanjingnan
57,南宁,NNZ,nanning
58,石家庄北,VVP,shijiazhuangbei
59,石家庄,SJP,shijiazhuang
60,沈阳,SYT,shenyang
61,沈阳北,SBT,shenyangbei
62,沈阳东,SDT,shenyangdong
63,沈阳南,SOT,shenyangnan
64,太原北,TBV,taiyuanbei
65,太原东,TDV,taiyuandong
66,太原,TYV,taiyuan
67,武汉,WHN,wuhan
68,王家营西,KNM,wangjiayingxi
69,乌鲁木齐南,WMR,wulumuqinan
70,西安北,EAY,xianbei
71,西安,XAY,xian
72,西安南,CAY,xiannan
73,西宁,XNO,xining
74,银川,YIJ,yinchuan
75,郑州,ZZF,zhengzhou
76,阿尔山,ART,aershan
77,安康,AKY,ankang
78,阿克苏,ASR,akesu
79,阿里河,AHX,alihe
80,阿拉山口,AKR,alashankou
81,安平,APT,anping
82,安庆,AQH,anqing
83,安顺,ASW,anshun
84,鞍山,AST,anshan
85,安阳,AYF,anyang
86,北安,BAB,beian
87,蚌埠,BBH,bengbu
88,白城,BCT,baicheng
89,北海,BHZ,beihai
90,白河,BEL,baihe
91,白涧,BAP,baijian
92,宝鸡,BJY,baoji
93,滨江,BJB,binjiang
94,博克图,BKX,boketu
95,百色,BIZ,baise
96,白山市,HJL,baishanshi
97,北台,BTT,beitai
98,包头东,BDC,baotoudong
99,包头,BTC,baotou
100,北屯市,BXR,beitunshi
101,本溪,BXT,benxi
102,白云鄂博,BEC,baiyunebo
103,白银西,BXJ,baiyinxi
104,亳州,BZH,bozhou
105,赤壁,CBN,chibi
106,常德,VGQ,changde
107,承德,CDP,chengde
108,长甸,CDT,changdian
109,赤峰,CFD,chifeng
110,茶陵,CDG,chaling
111,苍南,CEH,cangnan
112,昌平,CPP,changping
113,崇仁,CRG,chongren
114,昌图,CTT,changtu
115,长汀镇,CDB,changtingzhen
116,曹县,CXK,caoxian
117,楚雄南,COM,chuxiongnan
118,陈相屯,CXT,chenxiangtun
119,长治北,CBF,changzhibei
120,池州,IYH,chizhou
121,长征,CZJ,changzheng
122,常州,CZH,changzhou
123,郴州,CZQ,chenzhou
124,长治,CZF,changzhi
125,沧州,COP,cangzhou
126,崇左,CZZ,chongzuo
127,大安北,RNT,daanbei
128,大成,DCT,dacheng
129,丹东,DUT,dandong
130,东方红,DFB,dongfanghong
131,东莞东,DMQ,dongguandong
132,大虎山,DHD,dahushan
133,敦煌,DHJ,dunhuang
134,敦化,DHL,dunhua
135,德惠,DHT,dehui
136,东京城,DJB,dongjingcheng
137,大涧,DFP,dajian
138,都江堰,DDW,dujiangyan
139,大连北,DFT,dalianbei
140,大理,DKM,dali
141,大连,DLT,dalian
142,定南,DNG,dingnan
143,大庆,DZX,daqing
144,东胜,DOC,dongsheng
145,大石桥,DQT,dashiqiao
146,大同,DTV,datong
147,东营,DPK,dongying
148,大杨树,DUX,dayangshu
149,都匀,RYW,duyun
150,邓州,DOF,dengzhou
151,达州,RXW,dazhou
152,德州,DZP,dezhou
153,额济纳,EJC,ejina
154,二连,RLC,erlian
155,恩施,ESN,enshi
156,福鼎,FES,fuding
157,凤凰机场,FJQ,fenghuangjichang
158,风陵渡,FLV,fenglingdu
159,涪陵,FLW,fuling
160,富拉尔基,FRX,fulaerji
161,抚顺北,FET,fushunbei
162,佛山,FSQ,foshan
163,阜新南,FXD,fuxinnan
164,阜阳,FYH,fuyang
165,格尔木,GRO,geermu
166,广汉,GHW,guanghan
167,古交,GJV,gujiao
168,桂林北,GBZ,guilinbei
169,古莲,GRX,gulian
170,桂林,GLZ,guilin
171,固始,GXN,gushi
172,广水,GSN,guangshui
173,干塘,GNJ,gantang
174,广元,GYW,guangyuan
175,广州北,GBQ,guangzhoubei
176,赣州,GZG,ganzhou
177,公主岭,GLT,gongzhuling
178,公主岭南,GBT,gongzhulingnan
179,淮安,AUH,huaian
180,淮北,HRH,huaibei
181,鹤北,HMB,hebei
182,淮滨,HVN,huaibin
183,河边,HBV,hebian
184,潢川,KCN,huangchuan
185,韩城,HCY,hancheng
186,邯郸,HDP,handan
187,横道河子,HDB,hengdaohezi
188,鹤岗,HGB,hegang
189,皇姑屯,HTT,huanggutun
190,红果,HEM,hongguo
191,黑河,HJB,heihe
192,怀化,HHQ,huaihua
193,汉口,HKN,hankou
194,葫芦岛,HLD,huludao
195,海拉尔,HRX,hailaer
196,霍林郭勒,HWD,huolinguole
197,海伦,HLB,hailun
198,侯马,HMV,houma
199,哈密,HMR,hami
200,淮南,HAH,huainan
201,桦南,HNB,huanan
202,海宁西,EUH,hainingxi
203,鹤庆,HQM,heqing
204,怀柔北,HBP,huairoubei
205,怀柔,HRP,huairou
206,黄石东,OSN,huangshidong
207,华山,HSY,huashan
208,黄山,HKH,huangshan
209,黄石,HSN,huangshi
210,衡水,HSP,hengshui
211,衡阳,HYQ,hengyang
212,菏泽,HIK,heze
213,贺州,HXZ,hezhou
214,汉中,HOY,hanzhong
215,惠州,HCQ,huizhou
216,吉安,VAG,jian
217,集安,JAL,jian
218,江边村,JBG,jiangbiancun
219,晋城,JCF,jincheng
220,金城江,JJZ,jinchengjiang
221,景德镇,JCG,jingdezhen
222,嘉峰,JFF,jiafeng
223,加格达奇,JGX,jiagedaqi
224,井冈山,JGG,jinggangshan
225,蛟河,JHL,jiaohe
226,金华南,RNH,jinhuanan
227,金华,JBH,jinhua
228,九江,JJG,jiujiang
229,吉林,JLL,jilin
230,荆门,JMN,jingmen
231,佳木斯,JMB,jiamusi
232,济宁,JIK,jining
233,集宁南,JAC,jiningnan
234,酒泉,JQJ,jiuquan
235,江山,JUH,jiangshan
236,吉首,JIQ,jishou
237,九台,JTL,jiutai
238,镜铁山,JVJ,jingtieshan
239,鸡西,JXB,jixi
240,绩溪县,JRH,jixixian
241,嘉峪关,JGJ,jiayuguan
242,江油,JFW,jiangyou
243,锦州,JZD,jinzhou
244,金州,JZT,jinzhou
245,蓟州,JKP,jizhou
246,库尔勒,KLR,kuerle
247,开封,KFF,kaifeng
248,岢岚,KLV,kelan
249,凯里,KLW,kaili
250,喀什,KSR,kashi
251,昆山南,KNH,kunshannan
252,奎屯,KTR,kuitun
253,开原,KYT,kaiyuan
254,六安,UAH,luan
255,灵宝,LBF,lingbao
256,芦潮港,UCH,luchaogang
257,隆昌,LCW,longchang
258,陆川,LKZ,luchuan
259,利川,LCN,lichuan
260,临川,LCG,linchuan
261,潞城,UTP,lucheng
262,鹿道,LDL,ludao
263,娄底,LDQ,loudi
264,临汾,LFV,linfen
265,良各庄,LGP,lianggezhuang
266,临河,LHC,linhe
267,漯河,LON,luohe
268,绿化,LWJ,lvhua
269,隆化,UHP,longhua
270,丽江,LHM,lijiang
271,临江,LQL,linjiang
272,龙井,LJL,longjing
273,吕梁,LHV,lvliang
274,醴陵,LLG,liling
275,柳林南,LKV,liulinnan
276,滦平,UPP,luanping
277,六盘水,UMW,liupanshui
278,灵丘,LVV,lingqiu
279,旅顺,LST,lvshun
280,兰溪,LWH,lanxi
281,陇西,LXJ,longxi
282,澧县,LEQ,lixian
283,临西,UEP,linxi
284,龙岩,LYS,longyan
285,耒阳,LYQ,leiyang
286,洛阳,LYF,luoyang
287,连云港东,UKH,lianyungangdong
288,洛阳东,LDF,luoyangdong
289,临沂,LVK,linyi
290,洛阳龙门,LLF,luoyanglongmen
291,柳园,DHR,liuyuan
292,凌源,LYD,lingyuan
293,辽源,LYL,liaoyuan
294,立志,LZX,lizhi
295,柳州,LZZ,liuzhou
296,辽中,LZD,liaozhong
297,麻城,MCN,macheng
298,免渡河,MDX,mianduhe
299,牡丹江,MDB,mudanjiang
300,莫尔道嘎,MRX,moerdaoga
301,明光,MGH,mingguang
302,满归,MHX,mangui
303,漠河,MVX,mohe
304,茂名,MDQ,maoming
305,茂名西,MMZ,maomingxi
306,密山,MSB,mishan
307,马三家,MJT,masanjia
308,麻尾,VAW,mawei
309,绵阳,MYW,mianyang
310,梅州,MOQ,meizhou
311,满洲里,MLX,manzhouli
312,宁波东,NVH,ningbodong
313,宁波,NGH,ningbo
314,南岔,NCB,nancha
315,南充,NCW,nanchong
316,南丹,NDZ,nandan
317,南大庙,NMP,nandamiao
318,南芬,NFT,nanfen
319,讷河,NHX,nehe
320,嫩江,NGX,nenjiang
321,内江,NJW,neijiang
322,南平,NPS,nanping
323,南通,NUH,nantong
324,南阳,NFF,nanyang
325,碾子山,NZX,nianzishan
326,平顶山,PEN,pingdingshan
327,盘锦,PVD,panjin
328,平凉,PIJ,pingliang
329,平凉南,POJ,pingliangnan
330,平泉,PQP,pingquan
331,坪石,PSQ,pingshi
332,萍乡,PXG,pingxiang
333,凭祥,PXZ,pingxiang
334,郫县西,PCW,pixianxi
335,攀枝花,PRW,panzhihua
336,蕲春,QRN,qichun
337,青城山,QSW,qingchengshan
338,青岛,QDK,qingdao
339,清河城,QYP,qinghecheng
340,曲靖,QJM,qujing
341,黔江,QNW,qianjiang
342,前进镇,QEB,qianjinzhen
343,齐齐哈尔,QHX,qiqihaer
344,七台河,QTB,qitaihe
345,沁县,QVV,qinxian
346,泉州东,QRS,quanzhoudong
347,泉州,QYS,quanzhou
348,衢州,QEH,quzhou
349,融安,RAZ,rongan
350,汝箕沟,RQJ,rujigou
351,瑞金,RJG,ruijin
352,日照,RZK,rizhao
353,双城堡,SCB,shuangchengpu
354,绥芬河,SFB,suifenhe
355,韶关东,SGQ,shaoguandong
356,山海关,SHD,shanhaiguan
357,绥化,SHB,suihua
358,三间房,SFX,sanjianfang
359,苏家屯,SXT,sujiatun
360,舒兰,SLL,shulan
361,三明,SMS,sanming
362,神木南,OMY,shenmunan
363,三门峡,SMF,sanmenxia
364,商南,ONY,shangnan
365,遂宁,NIW,suining
366,四平,SPT,siping
367,商丘,SQF,shangqiu
368,上饶,SRG,shangrao
369,韶山,SSQ,shaoshan
370,宿松,OAH,susong
371,汕头,OTQ,shantou
372,邵武,SWS,shaowu
373,涉县,OEP,shexian
374,三亚,SEQ,sanya
375,三  亚,JUQ,sanya
376,邵阳,SYQ,shaoyang
377,十堰,SNN,shiyan
378,双鸭山,SSB,shuangyashan
379,松原,VYT,songyuan
380,苏州,SZH,suzhou
381,深圳,SZQ,shenzhen
382,宿州,OXH,suzhou
383,随州,SZN,suizhou
384,朔州,SUV,shuozhou
385,深圳西,OSQ,shenzhenxi
386,塘豹,TBQ,tangbao
387,塔尔气,TVX,taerqi
388,潼关,TGY,tongguan
389,塘沽,TGP,tanggu
390,塔河,TXX,tahe
391,通化,THL,tonghua
392,泰来,TLX,tailai
393,吐鲁番,TFR,tulufan
394,通辽,TLD,tongliao
395,铁岭,TLT,tieling
396,陶赖昭,TPT,taolaizhao
397,图们,TML,tumen
398,铜仁,RDQ,tongren
399,唐山北,FUP,tangshanbei
400,田师府,TFT,tianshifu
401,泰山,TAK,taishan
402,唐山,TSP,tangshan
403,天水,TSJ,tianshui
404,通远堡,TYT,tongyuanpu
405,太阳升,TQT,taiyangsheng
406,泰州,UTH,taizhou
407,桐梓,TZW,tongzi
408,通州西,TAP,tongzhouxi
409,五常,WCB,wuchang
410,武昌,WCN,wuchang
411,瓦房店,WDT,wafangdian
412,威海,WKK,weihai
413,芜湖,WHH,wuhu
414,乌海西,WXC,wuhaixi
415,吴家屯,WJT,wujiatun
416,武隆,WLW,wulong
417,乌兰浩特,WWT,wulanhaote
418,渭南,WNY,weinan
419,威舍,WSM,weishe
420,歪头山,WIT,waitoushan
421,武威,WUJ,wuwei
422,武威南,WWJ,wuweinan
423,无锡,WXH,wuxi
424,乌西,WXR,wuxi
425,乌伊岭,WPB,wuyiling
426,武夷山,WAS,wuyishan
427,万源,WYY,wanyuan
428,万州,WYW,wanzhou
429,梧州,WZZ,wuzhou
430,温州,RZH,wenzhou
431,温州南,VRH,wenzhounan
432,西昌,ECW,xichang
433,许昌,XCF,xuchang
434,西昌南,ENW,xichangnan
435,香坊,XFB,xiangfang
436,轩岗,XGV,xuangang
437,兴国,EUG,xingguo
438,宣汉,XHY,xuanhan
439,新会,EFQ,xinhui
440,新晃,XLQ,xinhuang
441,锡林浩特,XTC,xilinhaote
442,兴隆县,EXP,xinglongxian
443,厦门北,XKS,xiamenbei
444,厦门,XMS,xiamen
445,厦门高崎,XBS,xiamengaoqi
446,小市,XST,xiaoshi
447,秀山,ETW,xiushan
448,向塘,XTG,xiangtang
449,宣威,XWM,xuanwei
450,新乡,XXF,xinxiang
451,信阳,XUN,xinyang
452,咸阳,XYY,xianyang
453,襄阳,XFN,xiangyang
454,熊岳城,XYT,xiongyuecheng
455,新沂,VIH,xinyi
456,兴义,XRZ,xingyi
457,新余,XUG,xinyu
458,徐州,XCH,xuzhou
459,延安,YWY,yanan
460,宜宾,YBW,yibin
461,亚布力南,YWB,yabulinan
462,叶柏寿,YBD,yebaishou
463,宜昌东,HAN,yichangdong
464,永川,YCW,yongchuan
465,盐城,AFH,yancheng
466,宜昌,YCN,yichang
467,运城,YNV,yuncheng
468,伊春,YCB,yichun
469,榆次,YCV,yuci
470,杨村,YBP,yangcun
471,宜春西,YCG,yichunxi
472,伊尔施,YET,yiershi
473,燕岗,YGW,yangang
474,永济,YIV,yongji
475,延吉,YJL,yanji
476,营口,YKT,yingkou
477,牙克石,YKX,yakeshi
478,阎良,YNY,yanliang
479,玉林,YLZ,yulin
480,榆林,ALY,yulin
481,亚龙湾,TWQ,yalongwan
482,一面坡,YPB,yimianpo
483,伊宁,YMR,yining
484,阳平关,YAY,yangpingguan
485,玉屏,YZW,yuping
486,原平,YPV,yuanping
487,延庆,YNP,yanqing
488,阳泉曲,YYV,yangquanqu
489,玉泉,YQB,yuquan
490,阳泉,AQP,yangquan
491,营山,NUW,yingshan
492,玉山,YNG,yushan
493,燕山,AOP,yanshan
494,榆树,YRT,yushu
495,鹰潭,YTG,yingtan
496,烟台,YAK,yantai
497,伊图里河,YEX,yitulihe
498,玉田县,ATP,yutianxian
499,义乌,YWH,yiwu
500,阳新,YON,yangxin
501,义县,YXD,yixian
502,益阳,AEQ,yiyang
503,岳阳,YYQ,yueyang
504,崖州,YUQ,yazhou
505,永州,AOQ,yongzhou
506,扬州,YLH,yangzhou
507,淄博,ZBK,zibo
508,镇城底,ZDV,zhenchengdi
509,自贡,ZGW,zigong
510,珠海,ZHQ,zhuhai
511,珠海北,ZIQ,zhuhaibei
512,湛江,ZJZ,zhanjiang
513,镇江,ZJH,zhenjiang
514,张家界,DIQ,zhangjiajie
515,张家口,ZKP,zhangjiakou
516,张家口南,ZMP,zhangjiakounan
517,周口,ZKN,zhoukou
518,哲里木,ZLC,zhelimu
519,扎兰屯,ZTX,zhalantun
520,驻马店,ZDN,zhumadian
521,肇庆,ZVQ,zhaoqing
522,周水子,ZIT,zhoushuizi
523,昭通,ZDW,zhaotong
524,中卫,ZWJ,zhongwei
525,资阳,ZYW,ziyang
526,遵义西,ZIW,zunyixi
527,枣庄,ZEK,zaozhuang
528,资中,ZZW,zizhong
529,株洲,ZZQ,zhuzhou
530,枣庄西,ZFK,zaozhuangxi
531,昂昂溪,AAX,angangxi
532,阿城,ACB,acheng
533,安达,ADX,anda
534,安德,ARW,ande
535,安定,ADP,anding
536,安多,ADO,anduo
537,安广,AGT,anguang
538,敖汉,YED,aohan
539,艾河,AHP,aihe
540,安化,PKQ,anhua
541,艾家村,AJJ,aijiacun
542,鳌江,ARH,aojiang
543,安家,AJB,anjia
544,阿金,AJD,ajin
545,安靖,PYW,anjing
546,阿克陶,AER,aketao
547,安口窑,AYY,ankouyao
548,敖力布告,ALD,aolibugao
549,安龙,AUZ,anlong
550,阿龙山,ASX,alongshan
551,安陆,ALN,anlu
552,阿木尔,JTX,amuer
553,阿南庄,AZM,ananzhuang
554,安庆西,APH,anqingxi
555,鞍山西,AXT,anshanxi
556,安塘,ATV,antang
557,安亭北,ASH,antingbei
558,阿图什,ATR,atushi
559,安图,ATL,antu
560,安溪,AXS,anxi
561,博鳌,BWQ,boao
562,北碚,BPW,beibei
563,白壁关,BGV,baibiguan
564,蚌埠南,BMH,bengbunan
565,巴楚,BCR,bachu
566,板城,BUP,bancheng
567,北戴河,BEP,beidaihe
568,保定,BDP,baoding
569,宝坻,BPP,baodi
570,八达岭,ILP,badaling
571,巴东,BNN,badong
572,柏果,BGM,baiguo
573,布海,BUT,buhai
574,白河东,BIY,baihedong
575,贲红,BVC,benhong
576,宝华山,BWH,baohuashan
577,白河县,BEY,baihexian
578,白芨沟,BJJ,baijigou
579,碧鸡关,BJM,bijiguan
580,北,IBQ,beijiao
581,碧江,BLQ,bijiang
582,白鸡坡,BBM,baijipo
583,笔架山,BSB,bijiashan
584,八角台,BTD,bajiaotai
585,保康,BKD,baokang
586,白奎堡,BKB,baikuipu
587,白狼,BAT,bailang
588,百浪,BRZ,bailang
589,博乐,BOR,bole
590,宝拉格,BQC,baolage
591,巴林,BLX,balin
592,宝林,BNB,baolin
593,北流,BOZ,beiliu
594,勃利,BLB,boli
595,布列开,BLR,buliekai
596,宝龙山,BND,baolongshan
597,百里峡,AAP,bailixia
598,八面城,BMD,bamiancheng
599,班猫箐,BNM,banmaoqing
600,八面通,BMB,bamiantong
601,北马圈子,BRP,beimaquanzi
602,北票南,RPD,beipiaonan
603,白旗,BQP,baiqi
604,宝泉岭,BQB,baoquanling
605,白泉,BQL,baiquan
606,巴山,BAY,bashan
607,白水江,BSY,baishuijiang
608,白沙坡,BPM,baishapo
609,白石山,BAL,baishishan
610,白水镇,BUM,baishuizhen
611,包头 东,FDC,baotoudong
612,坂田,BTQ,bantian
613,泊头,BZP,botou
614,北屯,BYP,beitun
615,本溪湖,BHT,benxihu
616,博兴,BXK,boxing
617,八仙筒,VXD,baxiantong
618,白音察干,BYC,baiyinchagan
619,背荫河,BYB,beiyinhe
620,北营,BIV,beiying
621,巴彦高勒,BAC,bayangaole
622,白音他拉,BID,baiyintala
623,鲅鱼圈,BYT,bayuquan
624,白银市,BNJ,baiyinshi
625,白音胡硕,BCD,baiyinhushuo
626,巴中,IEW,bazhong
627,霸州,RMP,bazhou
628,北宅,BVP,beizhai
629,赤壁北,CIN,chibibei
630,查布嘎,CBC,chabuga
631,长城,CEJ,changcheng
632,长冲,CCM,changchong
633,承德东,CCP,chengdedong
634,赤峰西,CID,chifengxi
635,嵯岗,CAX,cuogang
636,柴岗,CGT,chaigang
637,长葛,CEF,changge
638,柴沟堡,CGV,chaigoupu
639,城固,CGY,chenggu
640,陈官营,CAJ,chenguanying
641,成高子,CZB,chenggaozi
642,草海,WBW,caohai
643,柴河,CHB,chaihe
644,册亨,CHZ,ceheng
645,草河口,CKT,caohekou
646,崔黄口,CHP,cuihuangkou
647,巢湖,CIH,chaohu
648,蔡家沟,CJT,caijiagou
649,成吉思汗,CJX,chengjisihan
650,岔江,CAM,chajiang
651,蔡家坡,CJY,caijiapo
652,昌乐,CLK,changle
653,超梁沟,CYP,chaolianggou
654,慈利,CUQ,cili
655,昌黎,CLP,changli
656,长岭子,CLT,changlingzi
657,晨明,CMB,chenming
658,长农,CNJ,changnong
659,昌平北,VBP,changpingbei
660,常平,DAQ,changping
661,长坡岭,CPM,changpoling
662,辰清,CQB,chenqing
663,蔡山,CON,caishan
664,楚山,CSB,chushan
665,长寿,EFW,changshou
666,磁山,CSP,cishan
667,苍石,CST,cangshi
668,草市,CSL,caoshi
669,察素齐,CSC,chasuqi
670,长山屯,CVT,changshantun
671,长汀,CES,changting
672,朝天南,CTY,chaotiannan
673,昌图西,CPT,changtuxi
674,春湾,CQQ,chunwan
675,磁县,CIP,cixian
676,岑溪,CNZ,cenxi
677,辰溪,CXQ,chenxi
678,磁西,CRP,cixi
679,长兴南,CFH,changxingnan
680,磁窑,CYK,ciyao
681,春阳,CAL,chunyang
682,城阳,CEK,chengyang
683,创业村,CEX,chuangyecun
684,朝阳川,CYL,chaoyangchuan
685,朝阳地,CDD,chaoyangdi
686,朝阳南,CYD,chaoyangnan
687,长垣,CYF,changyuan
688,朝阳镇,CZL,chaoyangzhen
689,滁州北,CUH,chuzhoubei
690,常州北,ESH,changzhoubei
691,滁州,CXH,chuzhou
692,潮州,CKQ,chaozhou
693,常庄,CVK,changzhuang
694,曹子里,CFP,caozili
695,车转湾,CWM,chezhuanwan
696,郴州西,ICQ,chenzhouxi
697,沧州西,CBP,cangzhouxi
698,德安,DAG,dean
699,大安,RAT,daan
700,大坝,DBJ,daba
701,大板,DBC,daban
702,大巴,DBD,daba
703,到保,RBT,daobao
704,定边,DYJ,dingbian
705,东边井,DBB,dongbianjing
706,德伯斯,RDT,debosi
707,打柴沟,DGJ,dachaigou
708,德昌,DVW,dechang
709,滴道,DDB,didao
710,大磴沟,DKJ,dadenggou
711,刀尔登,DRD,daoerdeng
712,得耳布尔,DRX,deerbuer
713,杜尔伯特,TKX,duerbote
714,东方,UFQ,dongfang
715,丹凤,DGY,danfeng
716,东丰,DIL,dongfeng
717,都格,DMM,duge
718,大官屯,DTT,daguantun
719,大关,RGW,daguan
720,东光,DGP,dongguang
721,东海,DHB,donghai
722,大灰厂,DHP,dahuichang
723,大红旗,DQD,dahongqi
724,大禾塘,SOQ,shaodong
725,东海县,DQH,donghaixian
726,德惠西,DXT,dehuixi
727,达家沟,DJT,dajiagou
728,东津,DKB,dongjin
729,杜家,DJL,dujia
730,大口屯,DKP,dakoutun
731,东来,RVD,donglai
732,德令哈,DHO,delingha
733,大陆号,DLC,daluhao
734,带岭,DLB,dailing
735,大林,DLD,dalin
736,达拉特旗,DIC,dalateqi
737,独立屯,DTX,dulitun
738,豆罗,DLV,douluo
739,达拉特西,DNC,dalatexi
740,大连西,GZT,dalianxi
741,东明村,DMD,dongmingcun
742,洞庙河,DEP,dongmiaohe
743,东明县,DNF,dongmingxian
744,大拟,DNZ,dani
745,大平房,DPD,dapingfang
746,大盘石,RPP,dapanshi
747,大埔,DPI,dapu
748,大堡,DVT,dapu
749,大庆东,LFX,daqingdong
750,大其拉哈,DQX,daqilaha
751,道清,DML,daoqing
752,对青山,DQB,duiqingshan
753,德清西,MOH,deqingxi
754,大庆西,RHX,daqingxi
755,东升,DRQ,dongsheng
756,砀山,DKH,dangshan
757,独山,RWW,dushan
758,登沙河,DWT,dengshahe
759,读书铺,DPM,dushupu
760,大石头,DSL,dashitou
761,东胜西,DYC,dongshengxi
762,大石寨,RZT,dashizhai
763,东台,DBH,dongtai
764,定陶,DQK,dingtao
765,灯塔,DGT,dengta
766,大田边,DBM,datianbian
767,东通化,DTL,dongtonghua
768,丹徒,RUH,dantu
769,大屯,DNT,datun
770,东湾,DRJ,dongwan
771,大武口,DFJ,dawukou
772,低窝铺,DWJ,diwopu
773,大王滩,DZZ,dawangtan
774,大湾子,DFM,dawanzi
775,大兴沟,DXL,daxinggou
776,大兴,DXX,daxing
777,定西,DSJ,dingxi
778,甸心,DXM,dianxin
779,东乡,DXG,dongxiang
780,代县,DKV,daixian
781,定襄,DXV,dingxiang
782,东戌,RXP,dongxu
783,东辛庄,DXD,dongxinzhuang
784,丹阳,DYH,danyang
785,德阳,DYW,deyang
786,大雁,DYX,dayan
787,当阳,DYN,dangyang
788,丹阳北,EXH,danyangbei
789,大英东,IAW,dayingdong
790,东淤地,DBV,dongyudi
791,大营,DYV,daying
792,定远,EWH,dingyuan
793,岱岳,RYV,daiyue
794,大元,DYZ,dayuan
795,大营镇,DJP,dayingzhen
796,大营子,DZD,dayingzi
797,大战场,DTJ,dazhanchang
798,德州东,DIP,dezhoudong
799,东至,DCH,dongzhi
800,低庄,DVQ,dizhuang
801,东镇,DNV,dongzhen
802,道州,DFZ,daozhou
803,东庄,DZV,dongzhuang
804,兑镇,DWV,duizhen
805,豆庄,ROP,douzhuang
806,定州,DXP,dingzhou
807,大竹园,DZY,dazhuyuan
808,大杖子,DAP,dazhangzi
809,豆张庄,RZP,douzhangzhuang
810,峨边,EBW,ebian
811,二道沟门,RDP,erdaogoumen
812,二道湾,RDX,erdaowan
813,鄂尔多斯,EEC,eerduosi
814,二龙,RLD,erlong
815,二龙山屯,ELA,erlongshantun
816,峨眉,EMW,emei
817,二密河,RML,ermihe
818,二营,RYJ,erying
819,鄂州,ECN,ezhou
820,福安,FAS,fuan
821,丰城,FCG,fengcheng
822,丰城南,FNG,fengchengnan
823,肥东,FIH,feidong
824,发耳,FEM,faer
825,富海,FHX,fuhai
826,福海,FHR,fuhai
827,凤凰城,FHT,fenghuangcheng
828,汾河,FEV,fenhe
829,奉化,FHH,fenghua
830,富锦,FIB,fujin
831,范家屯,FTT,fanjiatun
832,福利区,FLJ,fuliqu
833,福利屯,FTB,fulitun
834,丰乐镇,FZB,fenglezhen
835,阜南,FNH,funan
836,阜宁,AKH,funing
837,抚宁,FNP,funing
838,福清,FQS,fuqing
839,福泉,VMW,fuquan
840,丰水村,FSJ,fengshuicun
841,丰顺,FUQ,fengshun
842,繁峙,FSV,fanshi
843,抚顺,FST,fushun
844,福山口,FKP,fushankou
845,扶绥,FSZ,fusui
846,冯屯,FTX,fengtun
847,浮图峪,FYP,futuyu
848,富县东,FDY,fuxiandong
849,凤县,FXY,fengxian
850,富县,FEY,fuxian
851,费县,FXK,feixian
852,凤阳,FUH,fengyang
853,汾阳,FAV,fenyang
854,扶余北,FBT,fuyubei
855,分宜,FYG,fenyi
856,富源,FYM,fuyuan
857,扶余,FYT,fuyu
858,富裕,FYX,fuyu
859,抚州北,FBG,fuzhoubei
860,凤州,FZY,fengzhou
861,丰镇,FZC,fengzhen
862,范镇,VZK,fanzhen
863,固安,GFP,guan
864,广安,VJW,guangan
865,高碑店,GBP,gaobeidian
866,沟帮子,GBD,goubangzi
867,甘草店,GDJ,gancaodian
868,谷城,GCN,gucheng
869,藁城,GEP,gaocheng
870,高村,GCV,gaocun
871,古城镇,GZB,guchengzhen
872,广德,GRH,guangde
873,贵定,GTW,guiding
874,贵定南,IDW,guidingnan
875,古东,GDV,gudong
876,贵港,GGZ,guigang
877,官高,GVP,guangao
878,葛根庙,GGT,gegenmiao
879,干沟,GGL,gangou
880,甘谷,GGJ,gangu
881,高各庄,GGP,gaogezhuang
882,甘河,GAX,ganhe
883,根河,GEX,genhe
884,郭家店,GDT,guojiadian
885,孤家子,GKT,gujiazi
886,古浪,GLJ,gulang
887,皋兰,GEJ,gaolan
888,高楼房,GFM,gaoloufang
889,归流河,GHT,guiliuhe
890,关林,GLF,guanlin
891,甘洛,VOW,ganluo
892,郭磊庄,GLP,guoleizhuang
893,高密,GMK,gaomi
894,公庙子,GMC,gongmiaozi
895,工农湖,GRT,gongnonghu
896,广宁寺南,GNT,guangningsinan
897,广南卫,GNM,guangnanwei
898,高平,GPF,gaoping
899,甘泉北,GEY,ganquanbei
900,共青城,GAG,gongqingcheng
901,甘旗卡,GQD,ganqika
902,甘泉,GQY,ganquan
903,高桥镇,GZD,gaoqiaozhen
904,灌水,GST,guanshui
905,赶水,GSW,ganshui
906,孤山口,GSP,gushankou
907,果松,GSL,guosong
908,高山子,GSD,gaoshanzi
909,嘎什甸子,GXD,gashidianzi
910,高台,GTJ,gaotai
911,高滩,GAY,gaotan
912,古田,GTS,gutian
913,官厅,GTP,guanting
914,官厅西,KEP,guantingxi
915,贵溪,GXG,guixi
916,涡阳,GYH,guoyang
917,巩义,GXF,gongyi
918,高邑,GIP,gaoyi
919,巩义南,GYF,gongyinan
920,广元南,GAW,guangyuannan
921,固原,GUJ,guyuan
922,菇园,GYL,guyuan
923,公营子,GYD,gongyingzi
924,光泽,GZS,guangze
925,古镇,GNQ,guzhen
926,固镇,GEH,guzhen
927,虢镇,GZY,guozhen
928,瓜州,GZJ,guazhou
929,高州,GSQ,gaozhou
930,盖州,GXT,gaizhou
931,官字井,GOT,guanzijing
932,冠豸山,GSS,guanzhaishan
933,盖州西,GAT,gaizhouxi
934,淮安南,AMH,huaiannan
935,红安,HWN,hongan
936,海安县,HIH,haianxian
937,红安西,VXN,honganxi
938,黄柏,HBL,huangbai
939,海北,HEB,haibei
940,鹤壁,HAF,hebi
941,会昌北,XEG,huichangbei
942,华城,VCQ,huacheng
943,河唇,HCZ,hechun
944,汉川,HCN,hanchuan
945,海城,HCT,haicheng
946,合川,WKW,hechuan
947,黑冲滩,HCJ,heichongtan
948,黄村,HCP,huangcun
949,海城西,HXT,haichengxi
950,化德,HGC,huade
951,洪洞,HDV,hongtong
952,霍尔果斯,HFR,huoerguosi
953,横峰,HFG,hengfeng
954,韩府湾,HXJ,hanfuwan
955,汉沽,HGP,hangu
956,黄瓜园,HYM,huangguayuan
957,红光镇,IGW,hongguangzhen
958,浑河,HHT,hunhe
959,红花沟,VHD,honghuagou
960,黄花筒,HUD,huanghuatong
961,贺家店,HJJ,hejiadian
962,和静,HJR,hejing
963,红江,HFM,hongjiang
964,黑井,HIM,heijing
965,获嘉,HJF,huojia
966,河津,HJV,hejin
967,涵江,HJS,hanjiang
968,华家,HJT,huajia
969,杭锦后旗,HDC,hangjinhouqi
970,河间西,HXP,hejianxi
971,花家庄,HJM,huajiazhuang
972,河口南,HKJ,hekounan
973,湖口,HKG,hukou
974,黄口,KOH,huangkou
975,呼兰,HUB,hulan
976,葫芦岛北,HPD,huludaobei
977,浩良河,HHB,haolianghe
978,哈拉海,HIT,halahai
979,鹤立,HOB,heli
980,桦林,HIB,hualin
981,黄陵,ULY,huangling
982,海林,HRB,hailin
983,虎林,VLB,hulin
984,寒岭,HAT,hanling
985,和龙,HLL,helong
986,海龙,HIL,hailong
987,哈拉苏,HAX,halasu
988,呼鲁斯太,VTJ,hulusitai
989,火连寨,HLT,huolianzhai
990,黄梅,VEH,huangmei
991,韩麻营,HYP,hanmaying
992,黄泥河,HHL,huangnihe
993,海宁,HNH,haining
994,惠农,HMJ,huinong
995,和平,VAQ,heping
996,花棚子,HZM,huapengzi
997,花桥,VQH,huaqiao
998,宏庆,HEY,hongqing
999,怀仁,HRV,huairen
1000,华容,HRN,huarong
1001,华山北,HDY,huashanbei
1002,黄松甸,HDL,huangsongdian
1003,和什托洛盖,VSR,heshituoluogai
1004,红山,VSB,hongshan
1005,汉寿,VSQ,hanshou
1006,衡山,HSQ,hengshan
1007,黑水,HOT,heishui
1008,惠山,VCH,huishan
1009,虎什哈,HHP,hushiha
1010,红寺堡,HSJ,hongsipu
1011,虎石台,HUT,hushitai
1012,海石湾,HSO,haishiwan
1013,衡山西,HEQ,hengshanxi
1014,红砂岘,VSJ,hongshaxian
1015,黑台,HQB,heitai
1016,桓台,VTK,huantai
1017,和田,VTR,hetian
1018,会同,VTQ,huitong
1019,海坨子,HZT,haituozi
1020,黑旺,HWK,heiwang
1021,海湾,RWH,haiwan
1022,红星,VXB,hongxing
1023,徽县,HYY,huixian
1024,红兴隆,VHB,hongxinglong
1025,换新天,VTB,huanxintian
1026,红岘台,HTJ,hongxiantai
1027,红彦,VIX,hongyan
1028,合阳,HAY,heyang
1029,海阳,HYK,haiyang
1030,衡阳东,HVQ,hengyangdong
1031,华蓥,HUW,huaying
1032,汉阴,HQY,hanyin
1033,黄羊滩,HGJ,huangyangtan
1034,汉源,WHW,hanyuan
1035,河源,VIQ,heyuan
1036,花园,HUN,huayuan
1037,湟源,HNO,huangyuan
1038,黄羊镇,HYJ,huangyangzhen
1039,湖州,VZH,huzhou
1040,化州,HZZ,huazhou
1041,黄州,VON,huangzhou
1042,霍州,HZV,huozhou
1043,惠州西,VXQ,huizhouxi
1044,巨宝,JRT,jubao
1045,靖边,JIY,jingbian
1046,金宝屯,JBD,jinbaotun
1047,晋城北,JEF,jinchengbei
1048,金昌,JCJ,jinchang
1049,鄄城,JCK,juancheng
1050,交城,JNV,jiaocheng
1051,建昌,JFD,jianchang
1052,峻德,JDB,junde
1053,井店,JFP,jingdian
1054,鸡东,JOB,jidong
1055,江都,UDH,jiangdu
1056,鸡冠山,JST,jiguanshan
1057,金沟屯,VGP,jingoutun
1058,静海,JHP,jinghai
1059,金河,JHX,jinhe
1060,锦河,JHB,jinhe
1061,精河,JHR,jinghe
1062,精河南,JIR,jinghenan
1063,江华,JHZ,jianghua
1064,建湖,AJH,jianhu
1065,纪家沟,VJD,jijiagou
1066,晋江,JJS,jinjiang
1067,锦界,JEY,jinjie
1068,姜家,JJB,jiangjia
1069,江津,JJW,jiangjin
1070,金坑,JKT,jinkeng
1071,芨岭,JLJ,jiling
1072,金马村,JMM,jinmacun
1073,江门东,JWQ,jiangmendong
1074,角美,JES,jiaomei
1075,莒南,JOK,junan
1076,井南,JNP,jingnan
1077,建瓯,JVS,jianou
1078,经棚,JPC,jingpeng
1079,江桥,JQX,jiangqiao
1080,九三,SSX,jiusan
1081,金山北,EGH,jinshanbei
1082,嘉善,JSH,jiashan
1083,京山,JCN,jingshan
1084,建始,JRN,jianshi
1085,稷山,JVV,jishan
1086,吉舒,JSL,jishu
1087,建设,JET,jianshe
1088,甲山,JOP,jiashan
1089,建三江,JIB,jiansanjiang
1090,嘉善南,EAH,jiashannan
1091,金山屯,JTB,jinshantun
1092,江所田,JOM,jiangsuotian
1093,景泰,JTJ,jingtai
1094,九台南,JNL,jiutainan
1095,吉文,JWX,jiwen
1096,进贤,JUG,jinxian
1097,莒县,JKK,juxian
1098,嘉祥,JUK,jiaxiang
1099,介休,JXV,jiexiu
1100,嘉兴,JXH,jiaxing
1101,井陉,JJP,jingxing
1102,嘉兴南,EPH,jiaxingnan
1103,夹心子,JXT,jiaxinzi
1104,姜堰,UEH,jiangyan
1105,揭阳,JRQ,jieyang
1106,建阳,JYS,jianyang
1107,简阳,JYW,jianyang
1108,巨野,JYK,juye
1109,江永,JYZ,jiangyong
1110,缙云,JYH,jinyun
1111,靖远,JYJ,jingyuan
1112,江源,SZL,jiangyuan
1113,济源,JYF,jiyuan
1114,靖远西,JXJ,jingyuanxi
1115,胶州北,JZK,jiaozhoubei
1116,焦作东,WEF,jiaozuodong
1117,金寨,JZH,jinzhai
1118,靖州,JEQ,jingzhou
1119,荆州,JBN,jingzhou
1120,胶州,JXK,jiaozhou
1121,晋州,JXP,jinzhou
1122,锦州南,JOD,jinzhounan
1123,焦作,JOF,jiaozuo
1124,旧庄窝,JVP,jiuzhuangwo
1125,金杖子,JYD,jinzhangzi
1126,开安,KAT,kaian
1127,库车,KCR,kuche
1128,康城,KCP,kangcheng
1129,库都尔,KDX,kuduer
1130,宽甸,KDT,kuandian
1131,克东,KOB,kedong
1132,昆都仑召,KDC,kundulunzhao
1133,开江,KAW,kaijiang
1134,康金井,KJB,kangjinjing
1135,喀喇其,KQX,kalaqi
1136,开鲁,KLC,kailu
1137,克拉玛依,KHR,kelamayi
1138,口前,KQL,kouqian
1139,昆山,KSH,kunshan
1140,奎山,KAB,kuishan
1141,克山,KSB,keshan
1142,开通,KTT,kaitong
1143,康熙岭,KXZ,kangxiling
1144,昆阳,KAM,kunyang
1145,克一河,KHX,keyihe
1146,开原西,KXT,kaiyuanxi
1147,康庄,KZP,kangzhuang
1148,来宾,UBZ,laibin
1149,老边,LLT,laobian
1150,灵宝西,LPF,lingbaoxi
1151,龙川,LUQ,longchuan
1152,乐昌,LCQ,lechang
1153,黎城,UCP,licheng
1154,聊城,UCK,liaocheng
1155,蓝村,LCK,lancun
1156,两当,LDY,liangdang
1157,林东,LRC,lindong
1158,乐都,LDO,ledu
1159,梁底下,LDP,liangdixia
1160,六道河子,LVP,liudaohezi
1161,鲁番,LVM,lufan
1162,廊坊,LJP,langfang
1163,落垡,LOP,luofa
1164,廊坊北,LFP,langfangbei
1165,老府,UFD,laofu
1166,兰岗,LNB,langang
1167,龙骨甸,LGM,longgudian
1168,芦沟,LOM,lugou
1169,龙沟,LGJ,longgou
1170,拉古,LGB,lagu
1171,临海,UFH,linhai
1172,林海,LXX,linhai
1173,拉哈,LHX,laha
1174,凌海,JID,linghai
1175,柳河,LNL,liuhe
1176,六合,KLH,liuhe
1177,龙华,LHP,longhua
1178,滦河沿,UNP,luanheyan
1179,六合镇,LEX,liuhezhen
1180,亮甲店,LRT,liangjiadian
1181,刘家店,UDT,liujiadian
1182,刘家河,LVT,liujiahe
1183,连江,LKS,lianjiang
1184,庐江,UJH,lujiang
1185,李家,LJB,lijia
1186,罗江,LJW,luojiang
1187,廉江,LJZ,lianjiang
1188,两家,UJT,liangjia
1189,龙江,LJX,longjiang
1190,龙嘉,UJL,longjia
1191,莲江口,LHB,lianjiangkou
1192,蔺家楼,ULK,linjialou
1193,李家坪,LIJ,lijiaping
1194,兰考,LKF,lankao
1195,林口,LKB,linkou
1196,路口铺,LKQ,lukoupu
1197,老莱,LAX,laolai
1198,拉林,LAB,lalin
1199,陆良,LRM,luliang
1200,龙里,LLW,longli
1201,临澧,LWQ,linli
1202,兰棱,LLB,lanling
1203,零陵,UWZ,lingling
1204,卢龙,UAP,lulong
1205,喇嘛甸,LMX,lamadian
1206,里木店,LMB,limudian
1207,洛门,LMJ,luomen
1208,龙南,UNG,longnan
1209,梁平,UQW,liangping
1210,罗平,LPM,luoping
1211,落坡岭,LPP,luopoling
1212,六盘山,UPJ,liupanshan
1213,乐平市,LPG,lepingshi
1214,临清,UQK,linqing
1215,龙泉寺,UQJ,longquansi
1216,乐山北,UTW,leshanbei
1217,乐善村,LUM,leshancun
1218,冷水江东,UDQ,lengshuijiangdong
1219,连山关,LGT,lianshanguan
1220,流水沟,USP,liushuigou
1221,丽水,USH,lishui
1222,陵水,LIQ,lingshui
1223,罗山,LRN,luoshan
1224,鲁山,LAF,lushan
1225,梁山,LMK,liangshan
1226,灵石,LSV,lingshi
1227,露水河,LUL,lushuihe
1228,庐山,LSG,lushan
1229,林盛堡,LBT,linshengpu
1230,柳树屯,LSD,liushutun
1231,龙山镇,LAS,longshanzhen
1232,梨树镇,LSB,lishuzhen
1233,李石寨,LET,lishizhai
1234,黎塘,LTZ,litang
1235,轮台,LAR,luntai
1236,芦台,LTP,lutai
1237,龙塘坝,LBM,longtangba
1238,濑湍,LVZ,laituan
1239,骆驼巷,LTJ,luotuoxiang
1240,李旺,VLJ,liwang
1241,莱芜东,LWK,laiwudong
1242,狼尾山,LRJ,langweishan
1243,灵武,LNJ,lingwu
1244,莱芜西,UXK,laiwuxi
1245,朗乡,LXB,langxiang
1246,陇县,LXY,longxian
1247,临湘,LXQ,linxiang
1248,芦溪,LUG,luxi
1249,莱西,LXK,laixi
1250,林西,LXC,linxi
1251,滦县,UXP,luanxian
1252,略阳,LYY,lueyang
1253,莱阳,LYK,laiyang
1254,辽阳,LYT,liaoyang
1255,临沂北,UYK,linyibei
1256,凌源东,LDD,lingyuandong
1257,连云港,UIH,lianyungang
1258,临颍,LNF,linying
1259,老营,LXL,laoying
1260,龙游,LMH,longyou
1261,罗源,LVS,luoyuan
1262,林源,LYX,linyuan
1263,涟源,LAQ,lianyuan
1264,涞源,LYP,laiyuan
1265,耒阳西,LPQ,leiyangxi
1266,临泽,LEJ,linze
1267,龙爪沟,LZT,longzhuagou
1268,雷州,UAQ,leizhou
1269,六枝,LIW,liuzhi
1270,鹿寨,LIZ,luzhai
1271,来舟,LZS,laizhou
1272,龙镇,LZA,longzhen
1273,拉,LEM,lazha
1274,兰州新区,LQJ,lanzhouxinqu
1275,马鞍山,MAH,maanshan
1276,毛坝,MBY,maoba
1277,毛坝关,MGY,maobaguan
1278,麻城北,MBN,machengbei
1279,渑池,MCF,mianchi
1280,明城,MCL,mingcheng
1281,庙城,MAP,miaocheng
1282,渑池南,MNF,mianchinan
1283,茅草坪,KPM,maocaoping
1284,猛洞河,MUQ,mengdonghe
1285,磨刀石,MOB,modaoshi
1286,弥渡,MDF,midu
1287,帽儿山,MRB,maoershan
1288,明港,MGN,minggang
1289,梅河口,MHL,meihekou
1290,马皇,MHZ,mahuang
1291,孟家岗,MGB,mengjiagang
1292,美兰,MHQ,meilan
1293,汨罗东,MQQ,miluodong
1294,马莲河,MHB,malianhe
1295,茅岭,MLZ,maoling
1296,庙岭,MLL,miaoling
1297,茂林,MLD,maolin
1298,穆棱,MLB,muling
1299,马林,MID,malin
1300,马龙,MGM,malong
1301,木里图,MUD,mulitu
1302,汨罗,MLQ,miluo
1303,玛纳斯湖,MNR,manasihu
1304,冕宁,UGW,mianning
1305,沐滂,MPQ,mupang
1306,马桥河,MQB,maqiaohe
1307,闽清,MQS,minqing
1308,民权,MQF,minquan
1309,明水河,MUT,mingshuihe
1310,麻山,MAB,mashan
1311,眉山,MSW,meishan
1312,漫水湾,MKW,manshuiwan
1313,茂舍祖,MOM,maoshezu
1314,米沙子,MST,mishazi
1315,美溪,MEB,meixi
1316,勉县,MVY,mianxian
1317,麻阳,MVQ,mayang
1318,密云北,MUP,miyunbei
1319,米易,MMW,miyi
1320,麦园,MYS,maiyuan
1321,墨玉,MUR,moyu
1322,庙庄,MZJ,miaozhuang
1323,米脂,MEY,mizhi
1324,明珠,MFQ,mingzhu
1325,宁安,NAB,ningan
1326,农安,NAT,nongan
1327,南博山,NBK,nanboshan
1328,南仇,NCK,nanqiu
1329,南城司,NSP,nanchengsi
1330,宁村,NCZ,ningcun
1331,宁德,NES,ningde
1332,南观村,NGP,nanguancun
1333,南宫东,NFP,nangongdong
1334,南关岭,NLT,nanguanling
1335,宁国,NNH,ningguo
1336,宁海,NHH,ninghai
1337,南华北,NHS,nanhuabei
1338,南河川,NHJ,nanhechuan
1339,泥河子,NHD,nihezi
1340,宁家,NVT,ningjia
1341,南靖,NJS,nanjing
1342,牛家,NJB,niujia
1343,能家,NJD,nengjia
1344,南口,NKP,nankou
1345,南口前,NKT,nankouqian
1346,南朗,NNQ,nanlang
1347,乃林,NLD,nailin
1348,尼勒克,NIR,nileke
1349,那罗,ULZ,naluo
1350,宁陵县,NLF,ninglingxian
1351,奈曼,NMD,naiman
1352,宁明,NMZ,ningming
1353,南木,NMX,nanmu
1354,南平南,NNS,nanpingnan
1355,那铺,NPZ,napu
1356,南桥,NQD,nanqiao
1357,那曲,NQO,naqu
1358,暖泉,NQJ,nuanquan
1359,南台,NTT,nantai
1360,南头,NOQ,nantou
1361,宁武,NWV,ningwu
1362,南湾子,NWP,nanwanzi
1363,南翔北,NEH,nanxiangbei
1364,宁乡,NXQ,ningxiang
1365,内乡,NXF,neixiang
1366,牛心台,NXT,niuxintai
1367,南峪,NUP,nanyu
1368,娘子关,NIP,niangziguan
1369,南召,NAF,nanzhao
1370,南杂木,NZT,nanzamu
1371,蓬安,PAW,pengan
1372,平安,PAL,pingan
1373,平安驿,PNO,pinganyi
1374,磐安镇,PAJ,pananzhen
1375,平安镇,PZT,pinganzhen
1376,蒲城东,PEY,puchengdong
1377,蒲城,PCY,pucheng
1378,裴德,PDB,peide
1379,偏店,PRP,piandian
1380,平顶山西,BFF,pingdingshanxi
1381,坡底下,PXJ,podixia
1382,瓢儿屯,PRT,piaoertun
1383,平房,PFB,pingfang
1384,平岗,PGL,pinggang
1385,平关,PGM,pingguan
1386,盘关,PAM,panguan
1387,平果,PGZ,pingguo
1388,徘徊北,PHP,paihuaibei
1389,平河口,PHM,pinghekou
1390,平湖,PHQ,pinghu
1391,盘锦北,PBD,panjinbei
1392,潘家店,PDP,panjiadian
1393,皮口南,PKT,pikounan
1394,普兰店,PLT,pulandian
1395,偏岭,PNT,pianling
1396,平山,PSB,pingshan
1397,彭山,PSW,pengshan
1398,皮山,PSR,pishan
1399,磐石,PSL,panshi
1400,平社,PSV,pingshe
1401,彭水,PHW,pengshui
1402,平台,PVT,pingtai
1403,平田,PTM,pingtian
1404,莆田,PTS,putian
1405,葡萄菁,PTW,putaojing
1406,普湾,PWT,puwan
1407,平旺,PWV,pingwang
1408,平型关,PGV,pingxingguan
1409,普雄,POW,puxiong
1410,郫县,PWW,pixian
1411,平洋,PYX,pingyang
1412,彭阳,PYJ,pengyang
1413,平遥,PYV,pingyao
1414,平邑,PIK,pingyi
1415,平原堡,PPJ,pingyuanpu
1416,平原,PYK,pingyuan
1417,平峪,PYP,pingyu
1418,彭泽,PZG,pengze
1419,邳州,PJH,pizhou
1420,平庄,PZD,pingzhuang
1421,泡子,POD,paozi
1422,平庄南,PND,pingzhuangnan
1423,乾安,QOT,qianan
1424,庆安,QAB,qingan
1425,迁安,QQP,qianan
1426,祁东北,QRQ,qidongbei
1427,七甸,QDM,qidian
1428,曲阜东,QAK,qufudong
1429,庆丰,QFT,qingfeng
1430,奇峰塔,QVP,qifengta
1431,曲阜,QFK,qufu
1432,琼海,QYQ,qionghai
1433,秦皇岛,QTP,qinhuangdao
1434,千河,QUY,qianhe
1435,清河,QIP,qinghe
1436,清河门,QHD,qinghemen
1437,清华园,QHP,qinghuayuan
1438,全椒,INH,quanjiao
1439,渠旧,QJZ,qujiu
1440,潜江,QJN,qianjiang
1441,秦家,QJB,qinjia
1442,綦江,QJW,qijiang
1443,祁家堡,QBT,qijiapu
1444,清涧县,QNY,qingjianxian
1445,秦家庄,QZV,qinjiazhuang
1446,七里河,QLD,qilihe
1447,秦岭,QLY,qinling
1448,渠黎,QLZ,quli
1449,青龙,QIB,qinglong
1450,青龙山,QGH,qinglongshan
1451,祁门,QIH,qimen
1452,前磨头,QMP,qianmotou
1453,青山,QSB,qingshan
1454,确山,QSN,queshan
1455,前山,QXQ,qianshan
1456,清水,QUJ,qingshui
1457,戚墅堰,QYH,qishuyan
1458,青田,QVH,qingtian
1459,桥头,QAT,qiaotou
1460,青铜峡,QTJ,qingtongxia
1461,前卫,QWD,qianwei
1462,前苇塘,QWP,qianweitang
1463,渠县,QRW,quxian
1464,祁县,QXV,qixian
1465,青县,QXP,qingxian
1466,桥西,QXJ,qiaoxi
1467,清徐,QUV,qingxu
1468,旗下营,QXC,qixiaying
1469,千阳,QOY,qianyang
1470,沁阳,QYF,qinyang
1471,泉阳,QYL,quanyang
1472,祁阳北,QVQ,qiyangbei
1473,七营,QYJ,qiying
1474,庆阳山,QSJ,qingyangshan
1475,清远,QBQ,qingyuan
1476,清原,QYT,qingyuan
1477,钦州东,QDZ,qinzhoudong
1478,钦州,QRZ,qinzhou
1479,青州市,QZK,qingzhoushi
1480,瑞安,RAH,ruian
1481,荣昌,RCW,rongchang
1482,瑞昌,RCG,ruichang
1483,如皋,RBH,rugao
1484,容桂,RUQ,ronggui
1485,任丘,RQP,renqiu
1486,乳山,ROK,rushan
1487,融水,RSZ,rongshui
1488,热水,RSD,reshui
1489,容县,RXZ,rongxian
1490,饶阳,RVP,raoyang
1491,汝阳,RYF,ruyang
1492,绕阳河,RHD,raoyanghe
1493,汝州,ROF,ruzhou
1494,石坝,OBJ,shiba
1495,上板城,SBP,shangbancheng
1496,施秉,AQW,shibing
1497,上板城南,OBP,shangbanchengnan
1498,世博园,ZWT,shiboyuan
1499,双城北,SBB,shuangchengbei
1500,舒城,OCH,shucheng
1501,商城,SWN,shangcheng
1502,莎车,SCR,shache
1503,顺昌,SCS,shunchang
1504,神池,SMV,shenchi
1505,沙城,SCP,shacheng
1506,石城,SCT,shicheng
1507,山城镇,SCL,shanchengzhen
1508,山丹,SDJ,shandan
1509,顺德,ORQ,shunde
1510,绥德,ODY,suide
1511,水洞,SIL,shuidong
1512,商都,SXC,shangdu
1513,十渡,SEP,shidu
1514,四道湾,OUD,sidaowan
1515,顺德学院,OJQ,shundexueyuan
1516,绅坊,OLH,shenfang
1517,双丰,OFB,shuangfeng
1518,四方台,STB,sifangtai
1519,水富,OTW,shuifu
1520,三关口,OKJ,sanguankou
1521,桑根达来,OGC,sanggendalai
1522,韶关,SNQ,shaoguan
1523,上高镇,SVK,shanggaozhen
1524,上杭,JBS,shanghang
1525,沙海,SED,shahai
1526,蜀河,SHY,shuhe
1527,松河,SBM,songhe
1528,沙河,SHP,shahe
1529,沙河口,SKT,shahekou
1530,赛汗塔拉,SHC,saihantala
1531,沙河市,VOP,shaheshi
1532,沙后所,SSD,shahousuo
1533,山河屯,SHL,shanhetun
1534,三河县,OXP,sanhexian
1535,四合永,OHD,siheyong
1536,三汇镇,OZW,sanhuizhen
1537,双河镇,SEL,shuanghezhen
1538,石河子,SZR,shihezi
1539,三合庄,SVP,sanhezhuang
1540,三家店,ODP,sanjiadian
1541,水家湖,SQH,shuijiahu
1542,沈家河,OJJ,shenjiahe
1543,松江河,SJL,songjianghe
1544,尚家,SJB,shangjia
1545,孙家,SUB,sunjia
1546,沈家,OJB,shenjia
1547,双吉,SML,shuangji
1548,松江,SAH,songjiang
1549,三江口,SKD,sanjiangkou
1550,司家岭,OLK,sijialing
1551,松江南,IMH,songjiangnan
1552,石景山南,SRP,shijingshannan
1553,邵家堂,SJJ,shaojiatang
1554,三江县,SOZ,sanjiangxian
1555,三家寨,SMM,sanjiazhai
1556,十家子,SJD,shijiazi
1557,松江镇,OZL,songjiangzhen
1558,施家嘴,SHM,shijiazui
1559,深井子,SWT,shenjingzi
1560,什里店,OMP,shilidian
1561,疏勒,SUR,shule
1562,疏勒河,SHJ,shulehe
1563,舍力虎,VLD,shelihu
1564,石磷,SPB,shilin
1565,石林,SLM,shilin
1566,双辽,ZJD,shuangliao
1567,绥棱,SIB,suiling
1568,石岭,SOL,shiling
1569,石林南,LNM,shilinnan
1570,石龙,SLQ,shilong
1571,萨拉齐,SLC,salaqi
1572,索伦,SNT,suolun
1573,商洛,OLY,shangluo
1574,沙岭子,SLP,shalingzi
1575,石门县北,VFQ,shimenxianbei
1576,三门峡南,SCF,sanmenxianan
1577,三门县,OQH,sanmenxian
1578,石门县,OMQ,shimenxian
1579,三门峡西,SXF,sanmenxiaxi
1580,肃宁,SYP,suning
1581,宋,SOB,song
1582,双牌,SBZ,shuangpai
1583,沙坪坝,CYW,shapingba
1584,四平东,PPT,sipingdong
1585,遂平,SON,suiping
1586,沙坡头,SFJ,shapotou
1587,沙桥,SQM,shaqiao
1588,商丘南,SPF,shangqiunan
1589,水泉,SID,shuiquan
1590,石泉县,SXY,shiquanxian
1591,石桥子,SQT,shiqiaozi
1592,石人城,SRB,shirencheng
1593,石人,SRL,shiren
1594,山市,SQB,shanshi
1595,神树,SWB,shenshu
1596,鄯善,SSR,shanshan
1597,三水,SJQ,sanshui
1598,泗水,OSK,sishui
1599,石山,SAD,shishan
1600,松树,SFT,songshu
1601,首山,SAT,shoushan
1602,三十家,SRD,sanshijia
1603,三十里堡,SST,sanshilipu
1604,松树镇,SSL,songshuzhen
1605,松桃,MZQ,songtao
1606,索图罕,SHX,suotuhan
1607,三堂集,SDH,santangji
1608,石头,OTB,shitou
1609,神头,SEV,shentou
1610,沙沱,SFM,shatuo
1611,上万,SWP,shangwan
1612,孙吴,SKB,sunwu
1613,沙湾县,SXR,shawanxian
1614,歙县,OVH,shexian
1615,遂溪,SXZ,suixi
1616,沙县,SAS,shaxian
1617,绍兴,SOH,shaoxing
1618,石岘,SXL,shixian
1619,上西铺,SXM,shangxipu
1620,石峡子,SXJ,shixiazi
1621,沭阳,FMH,shuyang
1622,绥阳,SYB,suiyang
1623,寿阳,SYV,shouyang
1624,水洋,OYP,shuiyang
1625,三阳川,SYJ,sanyangchuan
1626,上腰墩,SPJ,shangyaodun
1627,三营,OEJ,sanying
1628,顺义,SOP,shunyi
1629,三义井,OYD,sanyijing
1630,三源浦,SYL,sanyuanpu
1631,上虞,BDH,shangyu
1632,三原,SAY,sanyuan
1633,上园,SUD,shangyuan
1634,水源,OYJ,shuiyuan
1635,桑园子,SAJ,sangyuanzi
1636,绥中北,SND,suizhongbei
1637,苏州北,OHH,suzhoubei
1638,宿州东,SRH,suzhoudong
1639,深圳东,BJQ,shenzhendong
1640,深州,OZP,shenzhou
1641,孙镇,OZY,sunzhen
1642,绥中,SZD,suizhong
1643,尚志,SZB,shangzhi
1644,师庄,SNM,shizhuang
1645,松滋,SIN,songzi
1646,师宗,SEM,shizong
1647,苏州园区,KAH,suzhouyuanqu
1648,苏州新区,ITH,suzhouxinqu
1649,泰安,TMK,taian
1650,台安,TID,taian
1651,通安驿,TAJ,tonganyi
1652,桐柏,TBF,tongbai
1653,通北,TBB,tongbei
1654,桐城,TTH,tongcheng
1655,汤池,TCX,tangchi
1656,郯城,TZK,tancheng
1657,铁厂,TCL,tiechang
1658,桃村,TCK,taocun
1659,通道,TRQ,tongdao
1660,田东,TDZ,tiandong
1661,天岗,TGL,tiangang
1662,土贵乌拉,TGC,tuguiwula
1663,通沟,TOL,tonggou
1664,太谷,TGV,taigu
1665,塔哈,THX,taha
1666,棠海,THM,tanghai
1667,唐河,THF,tanghe
1668,泰和,THG,taihe
1669,太湖,TKH,taihu
1670,团结,TIX,tuanjie
1671,谭家井,TNJ,tanjiajing
1672,陶家屯,TOT,taojiatun
1673,唐家湾,PDQ,tangjiawan
1674,统军庄,TZP,tongjunzhuang
1675,吐列毛杜,TMD,tuliemaodu
1676,图里河,TEX,tulihe
1677,铜陵,TJH,tongling
1678,田林,TFZ,tianlin
1679,亭亮,TIZ,tingliang
1680,铁力,TLB,tieli
1681,铁岭西,PXT,tielingxi
1682,图们北,QSL,tumenbei
1683,天门,TMN,tianmen
1684,天门南,TNN,tianmennan
1685,太姥山,TLS,taimushan
1686,土牧尔台,TRC,tumuertai
1687,土门子,TCJ,tumenzi
1688,洮南,TVT,taonan
1689,潼南,TVW,tongnan
1690,太平川,TIT,taipingchuan
1691,太平镇,TEB,taipingzhen
1692,图强,TQX,tuqiang
1693,台前,TTK,taiqian
1694,天桥岭,TQL,tianqiaoling
1695,土桥子,TQJ,tuqiaozi
1696,汤山城,TCT,tangshancheng
1697,桃山,TAB,taoshan
1698,塔石嘴,TIM,tashizui
1699,通途,TUT,tongtu
1700,汤旺河,THB,tangwanghe
1701,同心,TXJ,tongxin
1702,土溪,TSW,tuxi
1703,桐乡,TCH,tongxiang
1704,田阳,TRZ,tianyang
1705,天义,TND,tianyi
1706,汤阴,TYF,tangyin
1707,驼腰岭,TIL,tuoyaoling
1708,太阳山,TYJ,taiyangshan
1709,汤原,TYB,tangyuan
1710,塔崖驿,TYP,tayayi
1711,滕州东,TEK,tengzhoudong
1712,台州,TZH,taizhou
1713,天祝,TZJ,tianzhu
1714,滕州,TXK,tengzhou
1715,天镇,TZV,tianzhen
1716,桐子林,TEW,tongzilin
1717,天柱山,QWH,tianzhushan
1718,文安,WBP,wenan
1719,武安,WAP,wuan
1720,王安镇,WVP,wanganzhen
1721,吴堡,WUY,wubu
1722,旺苍,WEW,wangcang
1723,五叉沟,WCT,wuchagou
1724,文昌,WEQ,wenchang
1725,温春,WDB,wenchun
1726,五大连池,WRB,wudalianchi
1727,文登,WBK,wendeng
1728,五道沟,WDL,wudaogou
1729,五道河,WHP,wudaohe
1730,文地,WNZ,wendi
1731,卫东,WVT,weidong
1732,武当山,WRN,wudangshan
1733,望都,WDP,wangdu
1734,乌尔旗汗,WHX,wuerqihan
1735,潍坊,WFK,weifang
1736,万发屯,WFB,wanfatun
1737,王府,WUT,wangfu
1738,瓦房店西,WXT,wafangdianxi
1739,王岗,WGB,wanggang
1740,武功,WGY,wugong
1741,湾沟,WGL,wangou
1742,吴官田,WGM,wuguantian
1743,乌海,WVC,wuhai
1744,苇河,WHB,weihe
1745,卫辉,WHF,weihui
1746,吴家川,WCJ,wujiachuan
1747,五家,WUB,wujia
1748,威箐,WAM,weiqing
1749,午汲,WJP,wuji
1750,渭津,WJL,weijin
1751,王家湾,WJJ,wangjiawan
1752,倭肯,WQB,woken
1753,五棵树,WKT,wukeshu
1754,五龙背,WBT,wulongbei
1755,乌兰哈达,WLC,wulanhada
1756,万乐,WEB,wanle
1757,瓦拉干,WVX,walagan
1758,温岭,VHH,wenling
1759,五莲,WLK,wulian
1760,乌拉特前旗,WQC,wulateqianqi
1761,乌拉山,WSC,wulashan
1762,卧里屯,WLX,wolitun
1763,渭南北,WBY,weinanbei
1764,乌奴耳,WRX,wunuer
1765,万宁,WNQ,wanning
1766,万年,WWG,wannian
1767,渭南南,WVY,weinannan
1768,渭南镇,WNJ,weinanzhen
1769,沃皮,WPT,wopi
1770,吴桥,WUP,wuqiao
1771,汪清,WQL,wangqing
1772,武清,WWP,wuqing
1773,武山,WSJ,wushan
1774,文水,WEV,wenshui
1775,魏善庄,WSP,weishanzhuang
1776,王瞳,WTP,wangtong
1777,五台山,WSV,wutaishan
1778,王团庄,WZJ,wangtuanzhuang
1779,五五,WVR,wuwu
1780,无锡东,WGH,wuxidong
1781,卫星,WVB,weixing
1782,闻喜,WXV,wenxi
1783,武乡,WVV,wuxiang
1784,无锡新区,IFH,wuxixinqu
1785,武穴,WXN,wuxue
1786,吴圩,WYZ,wuxu
1787,王杨,WYB,wangyang
1788,武义,RYH,wuyi
1789,五营,WWB,wuying
1790,瓦窑田,WIM,wayaotian
1791,五原,WYC,wuyuan
1792,苇子沟,WZL,weizigou
1793,韦庄,WZY,weizhuang
1794,五寨,WZV,wuzhai
1795,王兆屯,WZB,wangzhaotun
1796,微子镇,WQP,weizizhen
1797,魏杖子,WKD,weizhangzi
1798,新安,EAM,xinan
1799,兴安,XAZ,xingan
1800,新安县,XAF,xinanxian
1801,新保安,XAP,xinbaoan
1802,下板城,EBP,xiabancheng
1803,西八里,XLP,xibali
1804,宣城,ECH,xuancheng
1805,兴城,XCD,xingcheng
1806,小村,XEM,xiaocun
1807,新绰源,XRX,xinchuoyuan
1808,下城子,XCB,xiachengzi
1809,新城子,XCT,xinchengzi
1810,喜德,EDW,xide
1811,小得江,EJM,xiaodejiang
1812,西大庙,XMP,xidamiao
1813,小董,XEZ,xiaodong
1814,小东,XOD,xiaodong
1815,信丰,EFG,xinfeng
1816,襄汾,XFV,xiangfen
1817,息烽,XFW,xifeng
1818,新干,EGG,xingan
1819,孝感,XGN,xiaogan
1820,西固城,XUJ,xigucheng
1821,西固,XIJ,xigu
1822,夏官营,XGJ,xiaguanying
1823,西岗子,NBB,xigangzi
1824,襄河,XXB,xianghe
1825,新和,XIR,xinhe
1826,宣和,XWJ,xuanhe
1827,斜河涧,EEP,xiehejian
1828,新华屯,XAX,xinhuatun
1829,新华,XHB,xinhua
1830,新化,EHQ,xinhua
1831,宣化,XHP,xuanhua
1832,兴和西,XEC,xinghexi
1833,小河沿,XYD,xiaoheyan
1834,下花园,XYP,xiahuayuan
1835,小河镇,EKY,xiaohezhen
1836,徐家,XJB,xujia
1837,峡江,EJG,xiajiang
1838,新绛,XJV,xinjiang
1839,辛集,ENP,xinji
1840,新江,XJM,xinjiang
1841,西街口,EKM,xijiekou
1842,许家屯,XJT,xujiatun
1843,许家台,XTJ,xujiatai
1844,谢家镇,XMT,xiejiazhen
1845,兴凯,EKB,xingkai
1846,小榄,EAQ,xiaolan
1847,香兰,XNB,xianglan
1848,兴隆店,XDD,xinglongdian
1849,新乐,ELP,xinle
1850,新林,XPX,xinlin
1851,小岭,XLB,xiaoling
1852,新李,XLJ,xinli
1853,西林,XYB,xilin
1854,西柳,GCT,xiliu
1855,仙林,XPH,xianlin
1856,新立屯,XLD,xinlitun
1857,兴隆镇,XZB,xinglongzhen
1858,新立镇,XGT,xinlizhen
1859,新民,XMD,xinmin
1860,西麻山,XMB,ximashan
1861,下马塘,XAT,xiamatang
1862,孝南,XNV,xiaonan
1863,咸宁北,XRN,xianningbei
1864,兴宁,ENQ,xingning
1865,咸宁,XNN,xianning
1866,犀浦东,XAW,xipudong
1867,西平,XPN,xiping
1868,兴平,XPY,xingping
1869,新坪田,XPM,xinpingtian
1870,霞浦,XOS,xiapu
1871,溆浦,EPQ,xupu
1872,犀浦,XIW,xipu
1873,新青,XQB,xinqing
1874,新邱,XQD,xinqiu
1875,兴泉堡,XQJ,xingquanbu
1876,仙人桥,XRL,xianrenqiao
1877,小寺沟,ESP,xiaosigou
1878,杏树,XSB,xingshu
1879,浠水,XZN,xishui
1880,下社,XSV,xiashe
1881,徐水,XSP,xushui
1882,夏石,XIZ,xiashi
1883,小哨,XAM,xiaoshao
1884,新松浦,XOB,xinsongpu
1885,杏树屯,XDT,xingshutun
1886,许三湾,XSJ,xusanwan
1887,湘潭,XTQ,xiangtan
1888,邢台,XTP,xingtai
1889,仙桃西,XAN,xiantaoxi
1890,下台子,EIP,xiataizi
1891,徐闻,XJQ,xuwen
1892,新窝铺,EPD,xinwopu
1893,修武,XWF,xiuwu
1894,新县,XSN,xinxian
1895,息县,ENN,xixian
1896,西乡,XQY,xixiang
1897,湘乡,XXQ,xiangxiang
1898,西峡,XIF,xixia
1899,孝西,XOV,xiaoxi
1900,小新街,XXM,xiaoxinjie
1901,新兴县,XGQ,xinxingxian
1902,西小召,XZC,xixiaozhao
1903,小西庄,XXP,xiaoxizhuang
1904,向阳,XDB,xiangyang
1905,旬阳,XUY,xunyang
1906,旬阳北,XBY,xunyangbei
1907,襄阳东,XWN,xiangyangdong
1908,兴业,SNZ,xingye
1909,小雨谷,XHM,xiaoyugu
1910,信宜,EEQ,xinyi
1911,小月旧,XFM,xiaoyuejiu
1912,小扬气,XYX,xiaoyangqi
1913,襄垣,EIF,xiangyuan
1914,夏邑县,EJH,xiayixian
1915,祥云西,EXM,xiangyunxi
1916,新友谊,EYB,xinyouyi
1917,新阳镇,XZJ,xinyangzhen
1918,徐州东,UUH,xuzhoudong
1919,新帐房,XZX,xinzhangfang
1920,悬钟,XRP,xuanzhong
1921,新肇,XZT,xinzhao
1922,忻州,XXV,xinzhou
1923,汐子,XZD,xizi
1924,西哲里木,XRD,xizhelimu
1925,新杖子,ERP,xinzhangzi
1926,姚安,YAC,yaoan
1927,依安,YAX,yian
1928,永安,YAS,yongan
1929,永安乡,YNB,yonganxiang
1930,亚布力,YBB,yabuli
1931,元宝山,YUD,yuanbaoshan
1932,羊草,YAB,yangcao
1933,秧草地,YKM,yangcaodi
1934,阳澄湖,AIH,yangchenghu
1935,迎春,YYB,yingchun
1936,叶城,YER,yecheng
1937,盐池,YKJ,yanchi
1938,砚川,YYY,yanchuan
1939,阳春,YQQ,yangchun
1940,宜城,YIN,yicheng
1941,应城,YHN,yingcheng
1942,禹城,YCK,yucheng
1943,晏城,YEK,yancheng
1944,阳城,YNF,yangcheng
1945,阳岔,YAL,yangcha
1946,郓城,YPK,yuncheng
1947,雁翅,YAP,yanchi
1948,云彩岭,ACP,yuncailing
1949,虞城县,IXH,yuchengxian
1950,营城子,YCT,yingchengzi
1951,英德,YDQ,yingde
1952,永登,YDJ,yongdeng
1953,尹地,YDM,yindi
1954,永定,YGS,yongding
1955,雁荡山,YGH,yandangshan
1956,于都,YDG,yudu
1957,园墩,YAJ,yuandun
1958,英德西,IIQ,yingdexi
1959,永丰营,YYM,yongfengying
1960,杨岗,YRB,yanggang
1961,阳高,YOV,yanggao
1962,阳谷,YIK,yanggu
1963,友好,YOB,youhao
1964,余杭,EVH,yuhang
1965,沿河城,YHP,yanhecheng
1966,岩会,AEP,yanhui
1967,羊臼河,YHM,yangjiuhe
1968,永嘉,URH,yongjia
1969,营街,YAM,yingjie
1970,盐津,AEW,yanjin
1971,余江,YHG,yujiang
1972,燕郊,AJP,yanjiao
1973,姚家,YAT,yaojia
1974,岳家井,YGJ,yuejiajing
1975,一间堡,YJT,yijianpu
1976,英吉沙,YIR,yingjisha
1977,云居寺,AFP,yunjusi
1978,燕家庄,AZK,yanjiazhuang
1979,永康,RFH,yongkang
1980,营口东,YGT,yingkoudong
1981,银浪,YJX,yinlang
1982,永郎,YLW,yonglang
1983,宜良北,YSM,yiliangbei
1984,永乐店,YDY,yongledian
1985,伊拉哈,YLX,yilaha
1986,伊林,YLB,yilin
1987,杨陵,YSY,yangling
1988,彝良,ALW,yiliang
1989,杨林,YLM,yanglin
1990,余粮堡,YLD,yuliangpu
1991,杨柳青,YQP,yangliuqing
1992,月亮田,YUM,yueliangtian
1993,义马,YMF,yima
1994,阳明堡,YVV,yangmingbu
1995,玉门,YXJ,yumen
1996,云梦,YMN,yunmeng
1997,元谋,YMM,yuanmou
1998,一面山,YST,yimianshan
1999,沂南,YNK,yinan
2000,宜耐,YVM,yinai
2001,伊宁东,YNR,yiningdong
2002,营盘水,YZJ,yingpanshui
2003,羊堡,ABM,yangpu
2004,阳泉北,YPP,yangquanbei
2005,乐清,UPH,yueqing
2006,焉耆,YSR,yanqi
2007,源迁,AQK,yuanqian
2008,姚千户屯,YQT,yaoqianhutun
2009,阳曲,YQV,yangqu
2010,榆树沟,YGP,yushugou
2011,月山,YBF,yueshan
2012,玉石,YSJ,yushi
2013,玉舍,AUM,yushe
2014,偃师,YSF,yanshi
2015,沂水,YUK,yishui
2016,榆社,YSV,yushe
2017,颍上,YVH,yingshang
2018,窑上,ASP,yaoshang
2019,元氏,YSP,yuanshi
2020,杨树岭,YAD,yangshuling
2021,野三坡,AIP,yesanpo
2022,榆树屯,YSX,yushutun
2023,榆树台,YUT,yushutai
2024,鹰手营子,YIP,yingshouyingzi
2025,源潭,YTQ,yuantan
2026,牙屯堡,YTZ,yatunpu
2027,烟筒山,YSL,yantongshan
2028,烟筒屯,YUX,yantongtun
2029,羊尾哨,YWM,yangweishao
2030,越西,YHW,yuexi
2031,攸县,YOG,youxian
2032,永修,ACG,yongxiu
2033,玉溪西,YXM,yuxixi
2034,弋阳,YIG,yiyang
2035,余姚,YYH,yuyao
2036,酉阳,AFW,youyang
2037,岳阳东,YIQ,yueyangdong
2038,阳邑,ARP,yangyi
2039,鸭园,YYL,yayuan
2040,鸳鸯镇,YYJ,yuanyangzhen
2041,燕子砭,YZY,yanzibian
2042,仪征,UZH,yizheng
2043,宜州,YSZ,yizhou
2044,兖州,YZK,yanzhou
2045,迤资,YQM,yizi
2046,羊者窝,AEM,yangzhewo
2047,杨杖子,YZD,yangzhangzi
2048,镇安,ZEY,zhenan
2049,治安,ZAD,zhian
2050,招柏,ZBP,zhaobai
2051,张百湾,ZUP,zhangbaiwan
2052,中川机场,ZJJ,zhongchuanjichang
2053,枝城,ZCN,zhicheng
2054,子长,ZHY,zichang
2055,诸城,ZQK,zhucheng
2056,邹城,ZIK,zoucheng
2057,赵城,ZCV,zhaocheng
2058,章党,ZHT,zhangdang
2059,正定,ZDP,zhengding
2060,肇东,ZDB,zhaodong
2061,照福铺,ZFM,zhaofupu
2062,章古台,ZGD,zhanggutai
2063,赵光,ZGB,zhaoguang
2064,中和,ZHX,zhonghe
2065,中华门,VNH,zhonghuamen
2066,枝江北,ZIN,zhijiangbei
2067,钟家村,ZJY,zhongjiacun
2068,朱家沟,ZUB,zhujiagou
2069,紫荆关,ZYP,zijingguan
2070,周家,ZOB,zhoujia
2071,诸暨,ZDH,zhuji
2072,镇江南,ZEH,zhenjiangnan
2073,周家屯,ZOD,zhoujiatun
2074,褚家湾,CWJ,zhujiawan
2075,湛江西,ZWQ,zhanjiangxi
2076,朱家窑,ZUJ,zhujiayao
2077,曾家坪子,ZBW,zengjiapingzi
2078,张兰,ZLV,zhanglan
2079,镇赉,ZLT,zhenlai
2080,枣林,ZIV,zaolin
2081,扎鲁特,ZLD,zhalute
2082,扎赉诺尔西,ZXX,zhalainuoerxi
2083,樟木头,ZOQ,zhangmutou
2084,中牟,ZGF,zhongmu
2085,中宁东,ZDJ,zhongningdong
2086,中宁,VNJ,zhongning
2087,中宁南,ZNJ,zhongningnan
2088,镇平,ZPF,zhenping
2089,漳平,ZPS,zhangping
2090,泽普,ZPR,zepu
2091,枣强,ZVP,zaoqiang
2092,张桥,ZQY,zhangqiao
2093,章丘,ZTK,zhangqiu
2094,朱日和,ZRC,zhurihe
2095,泽润里,ZLM,zerunli
2096,中山北,ZGQ,zhongshanbei
2097,樟树东,ZOG,zhangshudong
2098,珠斯花,ZHD,zhusihua
2099,中山,ZSQ,zhongshan
2100,柞水,ZSY,zhashui
2101,钟山,ZSZ,zhongshan
2102,樟树,ZSG,zhangshu
2103,珠窝,ZOP,zhuwo
2104,张维屯,ZWB,zhangweitun
2105,彰武,ZWD,zhangwu
2106,棕溪,ZOY,zongxi
2107,钟祥,ZTN,zhongxiang
2108,资溪,ZXS,zixi
2109,镇西,ZVT,zhenxi
2110,张辛,ZIP,zhangxin
2111,正镶白旗,ZXC,zhengxiangbaiqi
2112,紫阳,ZVY,ziyang
2113,枣阳,ZYN,zaoyang
2114,竹园坝,ZAW,zhuyuanba
2115,张掖,ZYJ,zhangye
2116,镇远,ZUW,zhenyuan
2117,漳州东,GOS,zhangzhoudong
2118,漳州,ZUS,zhangzhou
2119,壮志,ZUX,zhuangzhi
2120,子洲,ZZY,zizhou
2121,中寨,ZZM,zhongzhai
2122,涿州,ZXP,zhuozhou
2123,咋子,ZAL,zhazi
2124,卓资山,ZZC,zhuozishan
2125,株洲西,ZAQ,zhuzhouxi
2126,郑州西,XPF,zhengzhouxi
2127,阿巴嘎旗,AQC,abagaqi
2128,阿尔山北,ARX,aershanbei
2129,阿勒泰,AUR,aletai
2130,安仁,ARG,anren
2131,安顺西,ASE,anshunxi
2132,安图西,AXL,antuxi
2133,安阳东,ADF,anyangdong
2134,博白,BBZ,bobai
2135,八步,BBE,babu
2136,薏,FWH,bencha
2137,保定东,BMP,baodingdong
2138,八方山,FGQ,bafangshan
2139,白沟,FEP,baigou
2140,滨海,FHP,binhai
2141,滨海北,FCP,binhaibei
2142,宝鸡南,BBY,baojinan
2143,北井子,BRT,beijingzi
2144,白马井,BFQ,baimajing
2145,宝清,BUB,baoqing
2146,璧山,FZW,bishan
2147,白沙铺,BSN,baishapu
2148,白水县,BGY,baishuixian
2149,板塘,NGQ,bantang
2150,本溪新城,BVT,benxixincheng
2151,彬县,BXY,binxian
2152,宾阳,UKZ,binyang
2153,白洋淀,FWP,baiyangdian
2154,百宜,FHW,baiyi
2155,白音华南,FNC,baiyinhuanan
2156,巴中东,BDE,bazhongdong
2157,滨州,BIK,binzhou
2158,霸州西,FOP,bazhouxi
2159,澄城,CUY,chengcheng
2160,城固北,CBY,chenggubei
2161,查干湖,VAT,chaganhu
2162,巢湖东,GUH,chaohudong
2163,从江,KNW,congjiang
2164,茶卡,CVO,chaka
2165,长临河,FVH,changlinhe
2166,茶陵南,CNG,chalingnan
2167,常平东,FQQ,changpingdong
2168,常平南,FPQ,changpingnan
2169,长庆桥,CQJ,changqingqiao
2170,长寿北,COW,changshoubei
2171,长寿湖,CSE,changshouhu
2172,常山,CSU,changshan
2173,潮汕,CBQ,chaoshan
2174,长沙西,RXQ,changshaxi
2175,朝天,CTE,chaotian
2176,长汀南,CNS,changtingnan
2177,长武,CWY,changwu
2178,长兴,CBH,changxing
2179,苍溪,CXE,cangxi
2180,长阳,CYN,changyang
2181,潮阳,CNQ,chaoyang
2182,城子坦,CWT,chengzitan
2183,东安东,DCZ,dongandong
2184,德保,RBZ,debao
2185,都昌,DCG,duchang
2186,东岔,DCJ,dongcha
2187,东城南,IYQ,dongchengnan
2188,东戴河,RDD,dongdaihe
2189,丹东西,RWT,dandongxi
2190,东二道河,DRB,dongerdaohe
2191,大丰,KRQ,dafeng
2192,大方南,DNE,dafangnan
2193,东港北,RGT,donggangbei
2194,大孤山,RMT,dagushan
2195,东莞,RTQ,dongguan
2196,鼎湖东,UWQ,dinghudong
2197,鼎湖山,NVQ,dinghushan
2198,道,RRQ,daojiao
2199,洞井,FWQ,dongjing
2200,垫江,DJE,dianjiang
2201,大苴,DIM,daju
2202,大荔,DNY,dali
2203,大朗镇,KOQ,dalangzhen
2204,大青沟,DSD,daqinggou
2205,德清,DRH,deqing
2206,东胜东,RSC,dongshengdong
2207,砀山南,PRH,dangshannan
2208,大石头南,DAL,dashitounan
2209,当涂东,OWH,dangtudong
2210,大通西,DTO,datongxi
2211,大旺,WWQ,dawang
2212,定西北,DNJ,dingxibei
2213,德兴东,DDG,dexingdong
2214,德兴,DWG,dexing
2215,丹霞山,IRQ,danxiashan
2216,大冶北,DBN,dayebei
2217,都匀东,KJW,duyundong
2218,东营南,DOK,dongyingnan
2219,大余,DYG,dayu
2220,定州东,DOP,dingzhoudong
2221,端州,WZQ,duanzhou
2222,大足南,FQW,dazunan
2223,峨眉山,IXW,emeishan
2224,阿房宫,EGY,epanggong
2225,鄂州东,EFN,ezhoudong
2226,防城港北,FBZ,fangchenggangbei
2227,凤城东,FDT,fengchengdong
2228,富川,FDZ,fuchuan
2229,繁昌西,PUH,fanchangxi
2230,丰都,FUW,fengdu
2231,涪陵北,FEW,fulingbei
2232,枫林,FLN,fenglin
2233,富宁,FNM,funing
2234,佛坪,FUY,foping
2235,法启,FQE,faqi
2236,芙蓉南,KCQ,furongnan
2237,复盛,FAW,fusheng
2238,抚松,FSL,fusong
2239,佛山西,FOQ,foshanxi
2240,福山镇,FZQ,fushanzhen
2241,福田,NZQ,futian
2242,富源北,FBM,fuyuanbei
2243,抚远,FYB,fuyuan
2244,抚州东,FDG,fuzhoudong
2245,抚州,FZG,fuzhou
2246,高安,GCG,gaoan
2247,广安南,VUW,guangannan
2248,贵安,GAE,guian
2249,高碑店东,GMP,gaobeidiandong
2250,恭城,GCZ,gongcheng
2251,藁城南,GUP,gaochengnan
2252,贵定北,FMW,guidingbei
2253,葛店南,GNN,gediannan
2254,贵定县,KIW,guidingxian
2255,广汉北,GVW,guanghanbei
2256,高花,HGD,gaohua
2257,革居,GEM,geju
2258,关岭,GLE,guanling
2259,桂林西,GEZ,guilinxi
2260,光明城,IMQ,guangmingcheng
2261,广宁,FBQ,guangning
2262,广宁寺,GQT,guangningsi
2263,广南县,GXM,guangnanxian
2264,桂平,GAZ,guiping
2265,弓棚子,GPT,gongpengzi
2266,赶水东,GDE,ganshuidong
2267,光山,GUN,guangshan
2268,谷山,FFQ,gushan
2269,观沙岭,FKQ,guanshaling
2270,古田北,GBS,gutianbei
2271,广通北,GPM,guangtongbei
2272,高台南,GAJ,gaotainan
2273,古田会址,STS,gutianhuizhi
2274,贵阳北,KQW,guiyangbei
2275,贵阳东,KEW,guiyangdong
2276,高邑西,GNP,gaoyixi
2277,惠安,HNS,huian
2278,淮北北,PLH,huaibeibei
2279,鹤壁东,HFF,hebidong
2280,寒葱沟,HKB,hanconggou
2281,霍城,SER,huocheng
2282,珲春,HUL,hunchun
2283,邯郸东,HPP,handandong
2284,惠东,KDQ,huidong
2285,哈达铺,HDJ,hadapu
2286,海东西,HDO,haidongxi
2287,洪洞西,HTV,hongtongxi
2288,哈尔滨北,HTB,haerbinbei
2289,合肥北城,COH,hefeibeicheng
2290,合肥南,ENH,hefeinan
2291,黄冈,KGN,huanggang
2292,黄冈东,KAN,huanggangdong
2293,横沟桥东,HNN,henggouqiaodong
2294,黄冈西,KXN,huanggangxi
2295,洪河,HPB,honghe
2296,怀化南,KAQ,huaihuanan
2297,黄河景区,HCF,huanghejingqu
2298,花湖,KHN,huahu
2299,惠环,KHQ,huihuan
2300,后湖,IHN,houhu
2301,怀集,FAQ,huaiji
2302,河口北,HBM,hekoubei
2303,黄流,KLQ,huangliu
2304,黄陵南,VLY,huanglingnan
2305,门,KMQ,houmen
2306,虎门,IUQ,humen
2307,侯马西,HPV,houmaxi
2308,衡南,HNG,hengnan
2309,淮南东,HOH,huainandong
2310,合浦,HVZ,hepu
2311,霍邱,FBH,huoqiu
2312,怀仁东,HFV,huairendong
2313,华容东,HPN,huarongdong
2314,华容南,KRN,huarongnan
2315,黄石北,KSN,huangshibei
2316,黄山北,NYH,huangshanbei
2317,衡水北,IHP,hengshuibei
2318,贺胜桥东,HLN,heshengqiaodong
2319,和硕,VUR,heshuo
2320,花山南,KNN,huashannan
2321,荷塘,KXQ,hetang
2322,黄土店,HKP,huangtudian
2323,合阳北,HTY,heyangbei
2324,海阳北,HEK,haiyangbei
2325,槐荫,IYN,huaiyin
2326,邑,KXY,huyi
2327,花园口,HYT,huayuankou
2328,霍州东,HWV,huozhoudong
2329,惠州南,KNQ,huizhounan
2330,建安,JUL,jianan
2331,泾川,JAJ,jingchuan
2332,景德镇北,JDG,jingdezhenbei
2333,旌德,NSH,jingde
2334,尖峰,PFQ,jianfeng
2335,近海,JHD,jinhai
2336,蛟河西,JOL,jiaohexi
2337,军粮城北,JMP,junliangchengbei
2338,将乐,JLS,jiangle
2339,贾鲁河,JLF,jialuhe
2340,九郎山,KJQ,jiulangshan
2341,即墨北,JVK,jimobei
2342,剑门关,JME,jianmenguan
2343,建宁县北,JCS,jianningxianbei
2344,江宁,JJH,jiangning
2345,江宁西,OKH,jiangningxi
2346,建瓯西,JUS,jianouxi
2347,酒泉南,JNJ,jiuquannan
2348,句容西,JWH,jurongxi
2349,建水,JSM,jianshui
2350,尖山,JPQ,jianshan
2351,界首市,JUN,jieshoushi
2352,绩溪北,NRH,jixibei
2353,介休东,JDV,jiexiudong
2354,泾县,LOH,jingxian
2355,靖西,JMZ,jingxi
2356,进贤南,JXG,jinxiannan
2357,江油北,JBE,jiangyoubei
2358,嘉峪关南,JBJ,jiayuguannan
2359,简阳南,JOW,jianyangnan
2360,金银潭,JTN,jinyintan
2361,靖宇,JYL,jingyu
2362,金月湾,PYQ,jinyuewan
2363,缙云西,PYH,jinyunxi
2364,晋中,JZV,jinzhong
2365,景州,JEP,jingzhou
2366,开封北,KBF,kaifengbei
2367,开福寺,FLQ,kaifusi
2368,开化,KHU,kaihua
2369,凯里南,QKW,kailinan
2370,库伦,KLD,kulun
2371,昆明南,KOM,kunmingnan
2372,葵潭,KTQ,kuitan
2373,开阳,KVW,kaiyang
2374,隆安东,IDZ,longandong
2375,来宾北,UCZ,laibinbei
2376,灵璧,GMH,lingbi
2377,寮步,LTQ,liaobu
2378,绿博园,LCF,lvboyuan
2379,隆昌北,NWW,longchangbei
2380,乐昌东,ILQ,lechangdong
2381,临城,UUP,lincheng
2382,罗城,VCZ,luocheng
2383,陵城,LGK,lingcheng
2384,老城镇,ACQ,laochengzhen
2385,龙洞堡,FVW,longdongbao
2386,乐都南,LVO,ledunan
2387,娄底南,UOQ,loudinan
2388,乐东,UQQ,ledong
2389,离堆公园,INW,liduigongyuan
2390,陆丰,LLQ,lufeng
2391,龙丰,KFQ,longfeng
2392,禄丰南,LQM,lufengnan
2393,临汾西,LXV,linfenxi
2394,临高南,KGQ,lingaonan
2395,麓谷,BNQ,lugu
2396,滦河,UDP,luanhe
2397,珞璜南,LNE,luohuangnan
2398,漯河西,LBN,luohexi
2399,罗江东,IKW,luojiangdong
2400,柳江,UQZ,liujiang
2401,利津南,LNK,lijinnan
2402,兰考南,LUF,lankaonan
2403,龙口市,UKK,longkoushi
2404,兰陵北,COK,lanlingbei
2405,龙里北,KFW,longlibei
2406,沥林北,KBQ,lilinbei
2407,醴陵东,UKQ,lilingdong
2408,陇南,INJ,longnan
2409,梁平南,LPE,liangpingnan
2410,礼泉,LGY,liquan
2411,灵石东,UDV,lingshidong
2412,乐山,IVW,leshan
2413,龙市,LAG,longshi
2414,溧水,LDH,lishui
2415,娄山关南,LSE,loushanguannan
2416,洛湾三江,KRW,luowansanjiang
2417,莱西北,LBK,laixibei
2418,溧阳,LEH,liyang
2419,临邑,LUK,linyi
2420,柳园南,LNR,liuyuannan
2421,鹿寨北,LSZ,luzhaibei
2422,阆中,LZE,langzhong
2423,临泽南,LDJ,linzenan
2424,马鞍山东,OMH,maanshandong
2425,毛陈,MHN,maochen
2426,明港东,MDN,minggangdong
2427,民和南,MNO,minhenan
2428,闵集,MJN,minji
2429,马兰,MLR,malan
2430,民乐,MBJ,minle
2431,弥勒,MLM,mile
2432,玛纳斯,MSR,manasi
2433,牟平,MBK,muping
2434,闽清北,MBS,minqingbei
2435,民权北,MIF,minquanbei
2436,眉山东,IUW,meishandong
2437,庙山,MSN,miaoshan
2438,岷县,MXJ,minxian
2439,门源,MYO,menyuan
2440,暮云,KIQ,muyun
2441,蒙自北,MBM,mengzibei
2442,孟庄,MZF,mengzhuang
2443,蒙自,MZM,mengzi
2444,南部,NBE,nanbu
2445,南曹,NEF,nancao
2446,南充北,NCE,nanchongbei
2447,南城,NDG,nancheng
2448,南昌西,NXG,nanchangxi
2449,宁东南,NDJ,ningdongnan
2450,宁东,NOJ,ningdong
2451,南芬北,NUT,nanfenbei
2452,南丰,NFG,nanfeng
2453,南湖东,NDN,nanhudong
2454,内江北,NKW,neijiangbei
2455,南江,FIW,nanjiang
2456,南江口,NDQ,nanjiangkou
2457,南陵,LLH,nanling
2458,尼木,NMO,nimu
2459,南宁东,NFZ,nanningdong
2460,南宁西,NXZ,nanningxi
2461,南平北,NBS,nanpingbei
2462,宁强南,NOY,ningqiangnan
2463,南雄,NCQ,nanxiong
2464,纳雍,NYE,nayong
2465,南阳寨,NYF,nanyangzhai
2466,普安,PAN,puan
2467,普安县,PUE,puanxian
2468,屏边,PBM,pingbian
2469,平坝南,PBE,pingbanan
2470,平昌,PCE,pingchang
2471,普定,PGW,puding
2472,平度,PAK,pingdu
2473,皮口,PUT,pikou
2474,盘龙城,PNN,panlongcheng
2475,蓬莱市,POK,penglaishi
2476,普宁,PEQ,puning
2477,平南南,PAZ,pingnannan
2478,彭山北,PPW,pengshanbei
2479,盘山,PUD,panshan
2480,坪上,PSK,pingshang
2481,萍乡北,PBG,pingxiangbei
2482,鄱阳,PYG,poyang
2483,濮阳,PYF,puyang
2484,平遥古城,PDV,pingyaogucheng
2485,平原东,PUK,pingyuandong
2486,普者黑,PZM,puzhehei
2487,盘州,PAE,panzhou
2488,彭州,PMW,pengzhou
2489,秦安,QGJ,qinan
2490,青白江东,QFW,qingbaijiangdong
2491,青川,QCE,qingchuan
2492,青岛北,QHK,qingdaobei
2493,祁东,QMQ,qidong
2494,青堆,QET,qingdui
2495,前锋,QFB,qianfeng
2496,曲靖北,QBM,qujingbei
2497,綦江东,QDE,qijiangdong
2498,曲江,QIM,qujiang
2499,青莲,QEW,qinglian
2500,齐齐哈尔南,QNB,qiqihaernan
2501,清水北,QEJ,qingshuibei
2502,青神,QVW,qingshen
2503,岐山,QAY,qishan
2504,庆盛,QSQ,qingsheng
2505,清水县,QIJ,qingshuixian
2506,曲水县,QSO,qushuixian
2507,祁县东,QGV,qixiandong
2508,乾县,QBY,qianxian
2509,旗下营南,QNC,qixiayingnan
2510,祁阳,QWQ,qiyang
2511,全州南,QNZ,quanzhounan
2512,棋子湾,QZQ,qiziwan
2513,仁布,RUO,renbu
2514,荣昌北,RQW,rongchangbei
2515,荣成,RCK,rongcheng
2516,瑞昌西,RXG,ruichangxi
2517,如东,RIH,rudong
2518,榕江,RVW,rongjiang
2519,日喀则,RKO,rikaze
2520,饶平,RVQ,raoping
2521,宋城路,SFF,songchenglu
2522,三道湖,SDL,sandaohu
2523,邵东,FIQ,shaodong
2524,三都县,KKW,sanduxian
2525,胜芳,SUP,shengfang
2526,双峰北,NFQ,shuangfengbei
2527,商河,SOK,shanghe
2528,泗洪,GQH,sihong
2529,四会,AHQ,sihui
2530,石家庄东,SXP,shijiazhuangdong
2531,三江南,SWZ,sanjiangnan
2532,三井子,OJT,sanjingzi
2533,双流机场,IPW,shuangliujichang
2534,石林西,SYM,shilinxi
2535,沙岭子西,IXP,shalingzixi
2536,双流西,IQW,shuangliuxi
2537,三明北,SHS,sanmingbei
2538,嵩明,SVM,songming
2539,树木岭,FMQ,shumuling
2540,神木,HMY,shenmu
2541,苏尼特左旗,ONC,sunitezuoqi
2542,山坡东,SBN,shanpodong
2543,石桥,SQE,shiqiao
2544,沈丘,SQN,shenqiu
2545,鄯善北,SMR,shanshanbei
2546,狮山北,NSQ,shishanbei
2547,三水北,ARQ,sanshuibei
2548,松山湖北,KUQ,songshanhubei
2549,狮山,KSQ,shishan
2550,三水南,RNQ,sanshuinan
2551,韶山南,INQ,shaoshannan
2552,三穗,QHW,sansui
2553,石梯,STE,shiti
2554,汕尾,OGQ,shanwei
2555,歙县北,NPH,shexianbei
2556,绍兴北,SLH,shaoxingbei
2557,绍兴东,SSH,shaoxingdong
2558,泗县,GPH,sixian
2559,始兴,IPQ,shixing
2560,泗阳,MPH,siyang
2561,双阳,OYT,shuangyang
2562,邵阳北,OVQ,shaoyangbei
2563,松原北,OCT,songyuanbei
2564,山阴,SNV,shanyin
2565,深圳北,IOQ,shenzhenbei
2566,神州,SRQ,shenzhou
2567,深圳坪山,IFQ,shenzhenpingshan
2568,石嘴山,QQJ,shizuishan
2569,石柱县,OSW,shizhuxian
2570,台安南,TAD,taiannan
2571,桃村北,TOK,taocunbei
2572,田东北,TBZ,tiandongbei
2573,土地堂东,TTN,tuditangdong
2574,太谷西,TIV,taiguxi
2575,吐哈,THR,tuha
2576,通海,TAM,tonghai
2577,太和北,JYN,taihebei
2578,天河机场,TJN,tianhejichang
2579,天河街,TEN,tianhejie
2580,通化县,TXL,tonghuaxian
2581,同江,TJB,tongjiang
2582,铜陵北,KXH,tonglingbei
2583,吐鲁番北,TAR,tulufanbei
2584,泰宁,TNS,taining
2585,铜仁南,TNW,tongrennan
2586,天水南,TIJ,tianshuinan
2587,通渭,TWJ,tongwei
2588,田心东,KQQ,tianxindong
2589,汤逊湖,THN,tangxunhu
2590,藤县,TAZ,tengxian
2591,太原南,TNV,taiyuannan
2592,通远堡西,TST,tongyuanpuxi
2593,桐梓北,TBE,tongzibei
2594,桐梓东,TDE,tongzidong
2595,通州,TOP,tongzhou
2596,文登东,WGK,wendengdong
2597,五府山,WFG,wufushan
2598,威虎岭北,WBL,weihulingbei
2599,威海北,WHK,weihaibei
2600,乌兰察布,WPC,wulanchabu
2601,五龙背东,WMT,wulongbeidong
2602,乌龙泉南,WFN,wulongquannan
2603,乌鲁木齐,WAR,wulumuqi
2604,五女山,WET,wunvshan
2605,武胜,WSE,wusheng
2606,五通,WTZ,wutong
2607,无为,IIH,wuwei
2608,瓦屋山,WAH,wawushan
2609,闻喜西,WOV,wenxixi
2610,武义北,WDH,wuyibei
2611,武夷山北,WBS,wuyishanbei
2612,武夷山东,WCS,wuyishandong
2613,婺源,WYG,wuyuan
2614,渭源,WEJ,weiyuan
2615,万州北,WZE,wanzhoubei
2616,武陟,WIF,wuzhi
2617,梧州南,WBZ,wuzhounan
2618,兴安北,XDZ,xinganbei
2619,许昌东,XVF,xuchangdong
2620,项城,ERN,xiangcheng
2621,新都东,EWW,xindudong
2622,西丰,XFT,xifeng
2623,先锋,NQQ,xianfeng
2624,湘府路,FVQ,xiangfulu
2625,襄汾西,XTV,xiangfenxi
2626,孝感北,XJN,xiaoganbei
2627,孝感东,GDN,xiaogandong
2628,西湖东,WDQ,xihudong
2629,新化南,EJQ,xinhuanan
2630,新晃西,EWQ,xinhuangxi
2631,新津,IRW,xinjin
2632,小金口,NKQ,xiaojinkou
2633,辛集南,IJP,xinjinan
2634,新津南,ITW,xinjinnan
2635,咸宁东,XKN,xianningdong
2636,咸宁南,UNN,xianningnan
2637,溆浦南,EMQ,xupunan
2638,西平西,EGQ,xipingxi
2639,湘潭北,EDQ,xiangtanbei
2640,邢台东,EDP,xingtaidong
2641,西乌旗,XWC,xiwuqi
2642,修武西,EXF,xiuwuxi
2643,修文县,XWE,xiuwenxian
2644,萧县北,QSH,xiaoxianbei
2645,新乡东,EGF,xinxiangdong
2646,新余北,XBG,xinyubei
2647,西阳村,XQF,xiyangcun
2648,信阳东,OYN,xinyangdong
2649,咸阳秦都,XOY,xianyangqindu
2650,仙游,XWS,xianyou
2651,新郑机场,EZF,xinzhengjichang
2652,香樟路,FNQ,xiangzhanglu
2653,迎宾路,YFW,yingbinlu
2654,永城北,RGH,yongchengbei
2655,运城北,ABV,yunchengbei
2656,永川东,WMW,yongchuandong
2657,禹城东,YSK,yuchengdong
2658,宜春,YEG,yichun
2659,岳池,AWW,yuechi
2660,云东海,NAQ,yundonghai
2661,姚渡,AOJ,yaodu
2662,云浮东,IXQ,yunfudong
2663,永福南,YBZ,yongfunan
2664,雨格,VTM,yuge
2665,洋河,GTH,yanghe
2666,永济北,AJV,yongjibei
2667,弋江,RVH,yijiang
2668,于家堡,YKP,yujiapu
2669,延吉西,YXL,yanjixi
2670,永康南,QUH,yongkangnan
2671,运粮河,YEF,yunlianghe
2672,炎陵,YAG,yanling
2673,杨陵南,YEY,yanglingnan
2674,伊敏,YMX,yimin
2675,郁南,YKQ,yunan
2676,银瓶,KPQ,yinping
2677,永寿,ASY,yongshou
2678,阳朔,YCZ,yangshuo
2679,云山,KZQ,yunshan
2680,玉山南,YGG,yushannan
2681,永泰,YTS,yongtai
2682,银滩,CTQ,yintan
2683,鹰潭北,YKG,yingtanbei
2684,烟台南,YLK,yantainan
2685,伊通,YTL,yitong
2686,烟台西,YTK,yantaixi
2687,尤溪,YXS,youxi
2688,云霄,YBS,yunxiao
2689,宜兴,YUH,yixing
2690,玉溪,AXM,yuxi
2691,阳信,YVK,yangxin
2692,应县,YZV,yingxian
2693,攸县南,YXG,youxiannan
2694,洋县西,YXY,yangxianxi
2695,余姚北,CTH,yuyaobei
2696,榆中,IZJ,yuzhong
2697,诏安,ZDS,zhaoan
2698,正定机场,ZHP,zhengdingjichang
2699,纸坊东,ZMN,zhifangdong
2700,准格尔,ZEC,zhungeer
2701,庄河北,ZUT,zhuanghebei
2702,昭化,ZHW,zhaohua
2703,织金北,ZJE,zhijinbei
2704,张家川,ZIJ,zhangjiachuan
2705,芷江,ZPQ,zhijiang
2706,织金,IZW,zhijin
2707,仲恺,KKQ,zhongkai
2708,曾口,ZKE,zengkou
2709,左岭,ZSN,zuoling
2710,樟木头东,ZRQ,zhangmutoudong
2711,驻马店西,ZLN,zhumadianxi
2712,漳浦,ZCS,zhangpu
2713,肇庆东,FCQ,zhaoqingdong
2714,庄桥,ZQH,zhuangqiao
2715,昭山,KWQ,zhaoshan
2716,钟山西,ZAZ,zhongshanxi
2717,漳县,ZXJ,zhangxian
2718,资阳北,FYW,ziyangbei
2719,遵义,ZYE,zunyi
2720,遵义南,ZNE,zunyinan
2721,张掖西,ZEJ,zhangyexi
2722,资中北,WZW,zizhongbei
2723,涿州东,ZAP,zhuozhoudong
2724,枣庄东,ZNK,zaozhuangdong
2725,卓资东,ZDC,zhuozidong
2726,郑州东,ZAF,zhengzhoudong
2727,株洲南,KVQ,zhuzhounan
